Kanji,Furigana,Sound,Image,Meaning,Example Sentence,Example Sentence Mean Vietnamese,Example Sentence Mean English,Example Sentence Sound,Hanviet
知名度,ちめいど,[sound:知名度.ogg],"<img src=""知名度.jpg"">",mức độ nổi danh,,,,,TRI DANH ĐỘ
折り入って,おりいって,[sound:折り入って.ogg],,thật lòng là…,折り入って頼みたいことがある。,Tôi có một việc quan trọng muốn nhờ bạn.,I want to ask you a big favor.,[sound:折り入って頼みたいことがある.ogg],TRIẾT NHẬP
エレガンス,エレガンス,[sound:エレガンス.ogg],"<img src=""エレガンス.jpg"">","vẻ tao nhã, nét thanh lịch",,,,,
極まる,きわまる,[sound:極まる.ogg],,"cực độ, tột cùng",下品極まる盛り場に通いつける。,Anh ta thường đến những nơi tệ hại nhất.,He haunts the lowest resorts.,[sound:下品極まる盛り場に通いつける.ogg],CỰC
優美,ゆうび,[sound:優美.ogg],"<img src=""優美.jpg"">","tao nhã, ưu mỹ",大部分ではないにしても多くの人々が文学的趣味を優美なたしなみと見なしている。,"Mặc dù không phải là phần lớn, nhiều người coi sở thích văn học như một điều tao nhã và tuyệt vời.","Many people, if not most, look on literary taste as an elegant accomplishment.",[sound:大部分ではないにしても多くの人々が文学的趣味を優美なたしなみと見なしている.ogg], MỸ
キャッチコピー,キャッチコピー,[sound:キャッチコピー.ogg],"<img src=""キャッチコピー.jpg"">","hiệu, khẩu hiệu quảng cáo",,,,,
曲線,きょくせん,[sound:曲線.ogg],"<img src=""曲線.jpg"">",đường cong,,,,,KHÚC TUYẾN
反響,はんきょう,[sound:反響.ogg],"<img src=""反響.jpg"">",tiếng vang,その部屋に彼の声が反響した。,Tiếng anh ta vang lên trong căn phòng đó.,The room echoes with his voice.,[sound:その部屋に彼の声が反響した.ogg],PHẢN 
痛恨,つうこん,[sound:痛恨.ogg],,thật sự đáng tiếc,,,,,THỐNG HẬN
疲労,ひろう,[sound:疲労.ogg],"<img src=""疲労.jpg"">","mệt mỏi, mệt nhọc",疲労が彼の健康をむしばんでいる。,Sự mệt mỏi đang làm suy yếu sức khỏe của anh ta.,Fatigue is undermining his health.,[sound:疲労が彼の健康をむしばんでいる.ogg],"BÍ LAO,LẠO"
遺憾,いかん,[sound:遺憾.ogg],"<img src=""遺憾.jpg"">","đáng tiếc, hối tiếc",それは遺憾ながら本当だ。,Đáng tiếc rằng điều đó là thật.,"That, while regrettable, is true.",[sound:それは遺憾ながら本当だ.ogg], 
物種,ものだね,[sound:物種.ogg],,"khởi nguồn (của sự vật, sự việc)",命あっての物種。,Còn sống là còn hy vọng.,"While there is life, there is hope.",[sound:命あっての物種.ogg],VẬT CHỦNG
赤面,せきめん,[sound:赤面.ogg],"<img src=""赤面.jpg"">",đỏ mặt (vì xấu hổ),君の行いには赤面する。,Tôi xấu hổ về hành động của bạn.,I am ashamed of your conduct.,[sound:君の行いには赤面する.ogg],XÍCH DIỆN
呑気,のんき,[sound:呑気.ogg],"<img src=""呑気.jpg"">","vô lo, vô tư",お前は当事者じゃないから、そんなのんきなこと言ってられるんだよ。,"Bạn không phải là người liên quan, nên bạn mới nói những điều vô tư như vậy được.",You wouldn't be so casual about it if you were directly involved.,[sound:お前は当事者じゃないから、そんなのんきなこと言ってられるんだよ.ogg],THÔN KHÍ
光栄,こうえい,[sound:光栄.ogg],"<img src=""光栄.jpg"">",vinh dự,あなたにお会いできて光栄です。,Rất vinh dự được gặp bạn.,It is a privilege to meet you.,[sound:あなたにお会いできて光栄です.ogg], VINH
値する,あたいする,[sound:値する.ogg],,"có giá trị, đáng giá",あの博物館はくるに値する。,Bảo tàng đó đáng để tham quan.,That museum is worth visiting.,[sound:あの博物館はくるに値する.ogg],TRỊ
汗顔,かんがん,[sound:汗顔.ogg],"<img src=""汗顔.jpg"">",mặt đổ cả mồ hôi (vì xấu hổ),,,,,HÃN NHAN
鑑賞,かんしょう,[sound:鑑賞.ogg],"<img src=""鑑賞.jpg"">",thưởng thức,よい音楽を鑑賞することはそれほど難しいことではない。,Việc thưởng thức âm nhạc tốt không phải là điều khó khăn.,It is not so difficult to appreciate good music.,[sound:よい音楽を鑑賞することはそれほど難しいことではない.ogg],GIÁM 
傾聴,けいちょう,[sound:傾聴.ogg],,lắng nghe,彼らは１語も聞きもらすまいと傾聴した。,Họ lắng nghe mà không bỏ lỡ một từ nào.,They listened attentively so as not to miss a single word.,[sound:彼らは１語も聞きもらすまいと傾聴した.ogg],KHUYNH THÍNH
念,ねん,[sound:念.ogg],"<img src=""念.jpg"">","niệm, tâm niệm",その光景を見て私は驚異の念にうたれた。,Tôi đã bị kinh ngạc khi nhìn thấy cảnh đó.,The sight struck me with wonder.,[sound:その光景を見て私は驚異の念にうたれた.ogg],NIỆM
皮切り,かわきり,[sound:皮切り.ogg],,"bắt đầu từ…, lấy (cái gì đó) làm đầu tiên",それを皮切りとして欧州の詩や文学を多数紹介するようになりました。,"Từ đó, tôi đã bắt đầu giới thiệu nhiều thơ và văn học châu Âu.",With that as a start many European poems and much literature came to be introduced.,[sound:それを皮切りとして欧州の詩や文学を多数紹介するようになりました.ogg],BÌ THIẾT
学級委員,がっきゅういいん,[sound:学級委員.ogg],,ủy viên của lớp,,,,,HỌC CẤP ỦY VIÊN
エピソード,エピソード,[sound:エピソード.ogg],"<img src=""エピソード.jpg"">","chương, hồi (của tiểu thuyết, kịch v.v…)",その痛ましいエピソードは私には痛切に感じられた。,Câu chuyện đau lòng đó đã khiến tôi cảm thấy đau đớn.,The touching episode came home to me.,[sound:その痛ましいエピソードは私には痛切に感じられた.ogg],
使い込む,つかいこむ,[sound:使い込む.ogg],,"tham ô, chiếm đoạt (tiền của người khác)",彼は私の資金をすっかり使い込んでしまった。,Anh ta đã sử dụng toàn bộ số tiền của tôi.,He has really made a hole in my finances.,[sound:彼は私の資金をすっかり使い込んでしまった.ogg], NHẬP
知事,ちじ,[sound:知事.ogg],"<img src=""知事.jpg"">","chủ tịch tỉnh, thống đốc",州知事は囚人達を自由の身にした。,Thống đốc đã giải phóng các tù nhân.,The governor set the prisoners free.,[sound:州知事は囚人達を自由の身にした.ogg],TRI 
公費,こうひ,[sound:公費.ogg],"<img src=""公費.jpg"">",tiền công vụ,,,,,CÔNG PHÍ
私費,しひ,[sound:私費.ogg],"<img src=""私費.jpg"">","tiền tư, tiền của cá nhân",,,,,TƯ PHÍ
辟易,へきえき,[sound:辟易.ogg],,"chùn bước lại, co rút người lại, lo lắng, băn khoăn",彼は人付き合いに辟易している。,Anh ta cảm thấy chán chường khi giao tiếp với người khác.,He's fed up with socializing.,[sound:彼は人付き合いに辟易している.ogg],"BÍCH,TỊCH DỊ,DỊCH"
繁盛,はんじょう,[sound:繁盛.ogg],"<img src=""繁盛.jpg"">",(buôn bán) phát đạt,今あまり繁盛していません。,Hiện tại không phát đạt lắm.,My business is slow right now.,[sound:今あまり繁盛していません.ogg],PHỒN THỊNH
改ざん,かいざん,[sound:改ざん.ogg],"<img src=""改ざん.jpg"">","làm giả, cải gian (giấy tờ)",私の同僚は報告書を改ざんした。,Đồng nghiệp của tôi đã làm giảnh biên tập báo cáo.,My colleague doctored the report.,[sound:私の同僚は報告書を改ざんした.ogg],CẢI
討論,とうろん,[sound:討論.ogg],"<img src=""討論.jpg"">",tranh luận,私たちはとても活発な討論をした。,Chúng tôi đã có cuộc thảo luận sôi nổi.,We had a very vigorous debate.,[sound:私たちはとても活発な討論をした.ogg],THẢO LUẬN
顧客層,こかくそう,[sound:顧客層.ogg],"<img src=""顧客層.jpg"">",lớp khách hàng,,,,,"CỐ  TẦNG,TẰNG"
トレンド,トレンド,[sound:トレンド.ogg],"<img src=""トレンド.jpg"">","xu hướng, khuynh hướng",ここでの問題は、社会のトレンドを概観できるような枠組みを創出することである。,Vấn đề ở đây là tạo ra một khung nhìn tổng quan về xu hướng xã hội.,The question here is one of creating the framework with which we can outline the social trend.,[sound:ここでの問題は、社会のトレンドを概観できるような枠組みを創出することである.ogg],
本性,ほんしょう,[sound:本性.ogg],"<img src=""本性.jpg"">",bản tính,わずかの言葉が人の本性を表すことがある。,Một vài từ có thể phản ánh bản chất con người.,A few words may betray a man's true character.,[sound:わずかの言葉が人の本性を表すことがある.ogg],"BẢN,BỔN TÍNH,TÁNH"
設ける,もうける,[sound:設ける.ogg],,thiết lập,イギリスは多くの植民地を設けた。,Anh đã thành lập nhiều thuộc địa.,Britain established many colonies.,[sound:イギリスは多くの植民地を設けた.ogg],THIẾT
正当,せいとう,[sound:正当.ogg],"<img src=""正当.jpg"">","chính đáng, công chính, ngay thẳng",先生は彼女に正当な取り扱いをしなかった。,Giáo viên đã không đối xử công bằng với cô ấy.,The teacher didn't do her justice.,[sound:先生は彼女に正当な取り扱いをしなかった.ogg],CHÍNH ĐƯƠNG
酷,こく,[sound:酷.ogg],"<img src=""酷.jpg"">","kinh khủng, tàn khốc",,,,,
徹夜,てつや,[sound:徹夜.ogg],"<img src=""徹夜.jpg"">","thức trắng đêm, thức thâu đêm",私はよく徹夜する。,Tôi thường thức trắng đêm.,I often stay up all night.,[sound:私はよく徹夜する.ogg],TRIỆT DẠ
戸棚,とだな,[sound:戸棚.ogg],"<img src=""戸棚.jpg"">","tủ (chén, quần áo)",この本は戸棚の上です。,Cuốn sách này đặt trên kệ tủ.,This book goes on the top shelf.,[sound:この本は戸棚の上です.ogg],HỘ BẰNG
ふらふら,ふらふら,[sound:ふらふら.ogg],"<img src=""ふらふら.jpg"">","lắc qua lắc lại, loạng choạng",ワインの飲みすぎでふらふらになった。,Tôi trở nên chóng mặt sau khi uống quá nhiều rượu.,He was groggy from too much wine.,[sound:ワインの飲みすぎでふらふらになった.ogg],
無敵,むてき,[sound:無敵.ogg],,vô địch,,,,, ĐỊCH
証,あかし,[sound:証.ogg],"<img src=""証.jpg"">","bằng chứng, dấu hiệu",わたしたちは、知っていることを話し、見たことをあかししているのに、あなたがたは、わたしたちのあかしを受け入れません。,"Chúng tôi nói về những điều chúng tôi biết và chứng kiến, nhưng các bạn không chấp nhận lời chứng của chúng tôi.","We speak that we do know, and testify that we have seen; and ye receive not our witness.",[sound:わたしたちは、知っていることを話し、見たことをあかししているのに、あなたがたは、わたしたちのあかしを受け入れません.ogg],CHỨNG
当たり前,あたりまえ,[sound:当たり前.ogg],"<img src=""当たり前.jpg"">","đương nhiên, hiển nhiên",我々は彼が成功したのは当たり前だと思った。,Chúng tôi nghĩ rằng việc anh ấy thành công là điều dễ hiểu.,We took his success for granted.,[sound:我々は彼が成功したのは当たり前だと思った.ogg],ĐƯƠNG TIỀN
他人,たにん,[sound:他人.ogg],"<img src=""他人.jpg"">","người ngoài, người dưng",彼女はもっと他人の言うことを聞くべきだ。,Cô ấy nên lắng nghe người khác nhiều hơn.,She should listen more to other people.,[sound:彼女はもっと他人の言うことを聞くべきだ.ogg],THA NHÂN
ジャンル,ジャンル,[sound:ジャンル.ogg],"<img src=""ジャンル.jpg"">","chủng loại, thể loại",このジャンルの曲が好きです。,Tôi thích những bài hát thuộc thể loại này.,I like this kind of music.,[sound:このジャンルの曲が好きです.ogg],
種類,しゅるい,[sound:種類.ogg],"<img src=""種類.jpg"">","loại, thể loại",破壊の結果、毎日５０種類もの野生の動植物が消滅していると見積もられている。,"Kết quả của sự phá hủy, mỗi ngày có khoảng 50 loài động và thực vật hoang dã đang biến mất.","It has been estimated that, as a result of the destruction, fifty species of wildlife are disappearing from the earth each day.",[sound:破壊の結果、毎日５０種類もの野生の動植物が消滅していると見積もられている.ogg],CHỦNG LOẠI
尊敬語,そんけいご,[sound:尊敬語.ogg],"<img src=""尊敬語.jpg"">",từ kính ngữ,目上の人のすることについて話す時、尊敬語を使います。,"Khi nói về hành động của người có vị trí cao hơn, chúng ta sử dụng ngôn ngữ kính ngữ.","When speaking about your superiors' actions, you use respectful language.",[sound:目上の人のすることについて話す時、尊敬語を使います.ogg],TÔN KÍNH NGỮ
謙譲語,けんじょうご,[sound:謙譲語.ogg],"<img src=""謙譲語.jpg"">","từ khiêm tốn, khiêm nhường ngữ",,,,,KHIÊM NHƯỢNG NGỮ
丁寧語,ていねいご,[sound:丁寧語.ogg],"<img src=""丁寧語.jpg"">",từ lễ phép,ある意味では、丁寧語は気さくな雰囲気を壊す。,"Một mặt, ngôn ngữ lịch sự có thể làm mất đi không khí thoải mái.","Polite language, in a sense, spoils a casual atmosphere.",[sound:ある意味では、丁寧語は気さくな雰囲気を壊す.ogg],ĐINH NINH NGỮ
瞬時,しゅんじ,[sound:瞬時.ogg],"<img src=""瞬時.jpg"">",tức thời,コンピューターは、非常に複雑な仕事を瞬時にすることができる。,Máy tính có thể thực hiện công việc rất phức tạp trong khoảnh khắc.,Computers are capable of doing very complicated work in a split second.,[sound:コンピューターは、非常に複雑な仕事を瞬時にすることができる.ogg],"THUẤN THỜI,THÌ"
切り替える,きりかえる,[sound:切り替える.ogg],"<img src=""切り替える.jpg"">","chuyển đổi, đổi qua cái khác",,,,,THIẾT THẾ
誤用,ごよう,[sound:誤用.ogg],"<img src=""誤用.jpg"">",dùng nhầm,その語は誤用されやすい。,Từ đó thường bị sử dụng sai.,The word lends itself to misuse by beginners.,[sound:その語は誤用されやすい.ogg], DỤNG
便箋,びんせん,[sound:便箋.ogg],"<img src=""便箋.jpg"">",giấy viết thư,その便せんには校章が打ち出しにされている。,Có huy hiệu trường được in trên tờ thiếp đó.,The note is embossed with the school emblem.,[sound:その便せんには校章が打ち出しにされている.ogg], 
綴る,つづる,[sound:綴る.ogg],,(viết) nối liền,靜子が季節の移ろいを詩に綴りました。,Shizuko đã viết thành thơ sự thay đổi của mùa.,Shizuko composed a poem about the change of the seasons.,[sound:靜子が季節の移ろいを詩に綴りました.ogg],
宿命,しゅくめい,[sound:宿命.ogg],,"định mệnh, số phận",洪水はかつてはこの地方には宿命であった。,Lũ lụt đã từng là số phận của vùng này.,"Previously, floods were fate for the region.",[sound:洪水はかつてはこの地方には宿命であった.ogg],"TÚC,TÚ MỆNH"
仕様,しよう,[sound:仕様.ogg],"<img src=""仕様.jpg"">","phương cách, cách thức",仕様、価格は変更することがあります。,Có thể thay đổi thông số kỹ thuật và giá cả.,Specifications and price are subject to change.,[sound:仕様、価格は変更することがあります.ogg],SĨ DẠNG
ぐっと,ぐっと,[sound:ぐっと.ogg],"<img src=""ぐっと.jpg"">",dồn hết sức (để làm gì đó),明け方近くは、ぐっと冷え込む。,"Vào gần buổi sáng, trời trở nên lạnh hơn đáng kể.",It gets extremely cold toward dawn.,[sound:明け方近くは、ぐっと冷え込む.ogg],
前提,ぜんてい,[sound:前提.ogg],"<img src=""前提.jpg"">",tiền đề,私たちは結婚を前提として交際しています。,Chúng tôi đang hẹn hò với giả định là sẽ kết hôn.,We are dating with a view to marriage.,[sound:私たちは結婚を前提として交際しています.ogg],TIỀN 
タイミング,タイミング,[sound:タイミング.ogg],"<img src=""タイミング.jpg"">","thời khắc, đúng lúc",その論文は教授の誕生日とタイミングが合うように出版された。,Bài báo được xuất bản sao cho phù hợp với sinh nhật của giáo sư.,Publication of the article was timed to coincide with the professor's birthday.,[sound:その論文は教授の誕生日とタイミングが合うように出版された.ogg],
未だ,まだ,[sound:未だ.ogg],,vẫn chưa,私はまだその問題が解けない。,Tôi vẫn chưa giải quyết được vấn đề đó.,I haven't been able to solve the problem yet.,[sound:私はまだその問題が解けない.ogg],"VỊ,MÙI"
俯く,うつむく,[sound:俯く.ogg],,cúi mặt,言ってから、まゆちゃんは恥ずかしそうに俯いてしまう。,"Sau khi nói, Mayu-chan nhìn xuống với vẻ ngại ngùng.","Having said it, Mayu hangs her head in embarrassment.",[sound:言ってから、まゆちゃんは恥ずかしそうに俯いてしまう.ogg],PHỦ
ちょくちょく,ちょくちょく,[sound:ちょくちょく.ogg],,"thỉnh thoảng, lặp đi lặp lại",だってお隣さんだし。ちょくちょくお邪魔するから。,Vì anh ta là hàng xóm của tôi. Tôi thường xuyên ghé thăm.,"Well, we're neighbours. I'll be popping over all the time.",[sound:だってお隣さんだしちょくちょくお邪魔するから.ogg],
てんで,てんで,[sound:てんで.ogg],"<img src=""てんで.jpg"">","hoàn toàn, toàn bộ",てんで見当つきません。,Tôi hoàn toàn không có đầu óc để đoán.,I don't have the slightest idea.,[sound:てんで見当つきません.ogg],
同感,どうかん,[sound:同感.ogg],"<img src=""同感.jpg"">",đồng cảm,全く同感です。,Tôi hoàn toàn đồng ý.,I agree completely.,[sound:全く同感です.ogg],ĐỒNG CẢM
馴れ馴れしい,なれなれしい,[sound:馴れ馴れしい.ogg],,"(thái độ) xuề xòa, quá thân thiết",彼は私の妻になれなれしすぎだ。,Anh ấy quá quen thuộc với vợ tôi.,He is getting far too familiar with my wife.,[sound:彼は私の妻になれなれしすぎだ.ogg],THUẦN THUẦN
逃げ出す,にげだす,[sound:逃げ出す.ogg],,bỏ chạy,その男は町から逃げ出した。,Người đàn ông đó đã chạy trốn khỏi thành phố.,The man got away from the city.,[sound:その男は町から逃げ出した.ogg],ĐÀO XUẤT
強請る,ねだる,[sound:強請る.ogg],,"giành giật, chiếm đoạt (bằng cách cưỡng chế)",彼は父にねだってとうとう新車を買ってもらった。,Anh ấy đã mặt dày xin bố mua chiếc xe mới cuối cùng.,He finally talked his father into buying a new car.,[sound:彼は父にねだってとうとう新車を買ってもらった.ogg],CƯỜNG THỈNH
待ち遠しい,まちどおしい,[sound:待ち遠しい.ogg],,chờ đợi mỏi mòn,パーティーが待ち遠しくて仕方ない。,Tôi không thể chờ đợi đến buổi tiệc.,I just can't wait for the party.,[sound:パーティーが待ち遠しくて仕方ない.ogg],ĐÃI VIỄN
密集,みっしゅう,[sound:密集.ogg],"<img src=""密集.jpg"">","đông đúc, chen chúc nhau",この森には野ブドウが密集して生えている。,Cây nho hoang dã mọc chồng chất trong khu rừng này.,There is a dense growth of vines in this forest.,[sound:この森には野ブドウが密集して生えている.ogg],MẬT TẬP
もはや,もはや,[sound:もはや.ogg],,(cái gì đó) trôi qua nhanh,もはや言うことはない。,Không có gì để nói thêm.,I have nothing further to say.,[sound:もはや言うことはない.ogg],
役場,やくば,[sound:役場.ogg],"<img src=""役場.jpg"">",trụ sở,,,,, TRƯỜNG
屋敷,やしき,[sound:屋敷.ogg],"<img src=""屋敷.jpg"">",khuôn viên ngôi nhà,彼はいなかの屋敷に住んでいる。,Anh ấy sống trong một căn nhà ở nông thôn.,He lives on his country estate.,[sound:彼はいなかの屋敷に住んでいる.ogg],ỐC PHU
気まずい,きまずい,[sound:気まずい.ogg],"<img src=""気まずい.jpg"">","khó xử, ngại",私は気まずい思いで体がほてった。,Tôi cảm thấy khó xử và cơ thể tôi bốc cháy.,I was feverish with embarrassment.,[sound:私は気まずい思いで体がほてった.ogg],KHÍ
対抗,たいこう,[sound:対抗.ogg],"<img src=""対抗.jpg"">","chống chọi, đối kháng",ためらうことなく、その陰謀にたいする徹底した対抗処置をとった。,Tôi đã không do dự và thực hiện biện pháp đối phó mạnh mẽ với âm mưu đó.,"Without a moment's hesitation, they took drastic action against the conspiracy.",[sound:ためらうことなく、その陰謀にたいする徹底した対抗処置をとった.ogg],ĐỐI 
取り次ぐ,とりつぐ,[sound:取り次ぐ.ogg],,"truyền tải, hồi âm",,,,,THỦ 
取り立てる,とりたてる,[sound:取り立てる.ogg],,"thu hồi, lấy lại, đòi lại",王は人民から税を厳しく取り立てた。,Vua thu thuế nặng từ người dân.,The king exacted taxes from his people.,[sound:王は人民から税を厳しく取り立てた.ogg],THỦ LẬP
転ける,こける,[sound:転ける.ogg],"<img src=""転ける.jpg"">",té ngã,,,,,CHUYỂN
躓く,つまずく,[sound:躓く.ogg],"<img src=""躓く.jpg"">","vấp chân, trượt chân",私は石につまずいて、足首をひねってしまった。,Tôi vấp phải một tảng đá và bị vặn cổ chân.,"I tripped on a stone, twisting my ankle.",[sound:私は石につまずいて、足首をひねってしまった.ogg],
裁判長,さいばんちょう,[sound:裁判長.ogg],,chủ tọa phiên tòa,裁判長は、２時間の休憩を告げた。,Chủ tọa tuyên bố một giờ nghỉ sau.,The judge called for a recess of two hours.,[sound:裁判長は、２時間の休憩を告げた.ogg],TÀI PHÁN TRƯỜNG
懲役,ちょうえき,[sound:懲役.ogg],"<img src=""懲役.jpg"">",đi tù,彼は懲役十年で、女房には三年の刑が下った。,"Anh ấy bị kết án 10 năm tù, còn vợ anh ấy bị kết án 3 năm.",He was given ten years and his wife three.,[sound:彼は懲役十年で、女房には三年の刑が下った.ogg],TRỪNG 
無期,むき,[sound:無期.ogg],"<img src=""無期.jpg"">","tù chung thân, không kỳ hạn",,,,, KỲ
有期,ゆうき,[sound:有期.ogg],"<img src=""有期.jpg"">",có kỳ hạn,,,,,HỮU KỲ
原告,げんこく,[sound:原告.ogg],"<img src=""原告.jpg"">",nguyên cáo,裁判官は原告に不利な判決を下した。,Thẩm phán đã đưa ra một phán quyết bất lợi cho nguyên đơn.,The judge decided against the plaintiff.,[sound:裁判官は原告に不利な判決を下した.ogg],NGUYÊN CÁO
被告,ひこく,[sound:被告.ogg],"<img src=""被告.jpg"">",bị cáo,被告は無罪になった。,Bị cáo được tuyên vô tội.,The accused was found not guilty.,[sound:被告は無罪になった.ogg],BỊ CÁO
微動,びどう,[sound:微動.ogg],,"rung rinh, lắc nhẹ",,,,,VI ĐỘNG
敗退,はいたい,[sound:敗退.ogg],"<img src=""敗退.jpg"">","thất bại, bại trận",ヒンギスが一回戦敗退の大番狂わせ。,Trận thua sớm của Hingis đã làm náo loạn mọi thứ.,It was a big upset when Hingis was eliminated in the first round.,[sound:ヒンギスが一回戦敗退の大番狂わせ.ogg],"BẠI THOÁI,THỐI"
壁紙,かべがみ,[sound:壁紙.ogg],"<img src=""壁紙.jpg"">",giấy dán tường,デスクトップの壁紙を犬の写真にした。,Tôi đã đặt hình ảnh chó làm hình nền trên máy tính để bàn.,I used a photo of my dog for my desktop wallpaper.,[sound:デスクトップの壁紙を犬の写真にした.ogg],BÍCH CHỈ
陶器,とうき,[sound:陶器.ogg],"<img src=""陶器.jpg"">",đồ gốm sứ,陶器は火で焼かれた。,Gốm sứ đã được nung trong lò.,The pottery was baked by fire.,[sound:陶器は火で焼かれた.ogg],ĐÀO KHÍ
矯める,ためる,[sound:矯める.ogg],,"uốn cong, sửa lỗi",,,,,KIỂU
眇める,すがめる,[sound:眇める.ogg],,nheo mắt,,,,,
幼馴染み,おさななじみ,[sound:幼馴染み.ogg],"<img src=""幼馴染み.jpg"">",bạn thời thơ ấu,幼馴染ってこわ・・・。,Hồi nhỏ quen biết nhau thì đáng sợ...,'Childhood friends' are scary.,[sound:幼馴染ってこわ・・・.ogg],ẤU THUẦN NHIỄM
笹舟,ささぶね,[sound:笹舟.ogg],"<img src=""笹舟.jpg"">",thuyền lá trúc (đồ chơi),,,,,"SẬY CHU,CHÂU"
上流,じょうりゅう,[sound:上流.ogg],"<img src=""上流.jpg"">",thượng lưu,橋の上流に私はボートを見た。,Tôi đã thấy một chiếc thuyền ở phía trên dòng sông.,I saw a boat above the bridge.,[sound:橋の上流に私はボートを見た.ogg],THƯỢNG LƯU
下流,かりゅう,[sound:下流.ogg],"<img src=""下流.jpg"">",hạ lưu,まず、私の活動範囲は、おもに養老川下流域です。,"Trước hết, khu vực hoạt động chính của tôi chủ yếu là khu vực hạ lưu của sông Yoro.","First off, my area of work is mainly in the lower reaches of the Yourou River.",[sound:まず、私の活動範囲は、おもに養老川下流域です.ogg],HẠ LƯU
デビュー,デビュー,[sound:デビュー.ogg],"<img src=""デビュー.jpg"">",lần trình diễn đầu tiên,その女優のデビューは８歳の時でした。,Nữ diễn viên đó đã ra mắt khi cô ấy 8 tuổi.,The actress made her debut when she was eight.,[sound:その女優のデビューは８歳の時でした.ogg],
不祥事,ふしょうじ,[sound:不祥事.ogg],,"chuyện bê bối, chuyện tai tiếng",相次ぐ不祥事にも関わらず、警察はオメオメ違反切符を切っている。,"Mặc dù có nhiều vụ bê bối liên tiếp, cảnh sát vẫn đang phát thẻ vi phạm viếng thăm.","Despite their own scandals, the police continue to make arrests as though nothing had happened at all.",[sound:相次ぐ不祥事にも関わらず、警察はオメオメ違反切符を切っている.ogg],BẤT TƯỜNG 
憚る,はばかる,[sound:憚る.ogg],,"do dự, lưỡng lự",憎まれっ子世に憚る。,Đứa trẻ ghét bị ghét.,Ill weeds grow apace.,[sound:憎まれっ子世に憚る.ogg],ĐẠN
傑作,けっさく,[sound:傑作.ogg],"<img src=""傑作.jpg"">",kiệt tác,わははは！そりゃ傑作だ！,Ha ha ha! Đó là một kiệt tác!,A-ha-ha-ha! What a blunder!,[sound:わははは！そりゃ傑作だ！.ogg], TÁC
断言,だんげん,[sound:断言.ogg],"<img src=""断言.jpg"">","nói quả quyết, khẳng định",私は彼が潔白だと断言した。,Tôi khẳng định rằng anh ấy vô tội.,I affirmed that he was innocent.,[sound:私は彼が潔白だと断言した.ogg],"ĐOẠN,ĐOÁN "
探検,たんけん,[sound:探検.ogg],"<img src=""探検.jpg"">",thám hiểm,この探検には、お金がかかる。,Việc khám phá này đòi hỏi tiền bạc.,This expedition will be expensive.,[sound:この探検には、お金がかかる.ogg],THÁM KIỂM
ばれる,バレル,[sound:ばれる.ogg],"<img src=""ばれる.jpg"">",bị bại lộ,中東の石油価格は１バレル当たり５ドルほど跳ね上がりました。,Giá dầu ở Trung Đông đã tăng khoảng 5 đô la mỗi thùng.,Middle Eastern oil prices jumped by five dollars per barrel.,[sound:中東の石油価格は１バレル当たり５ドルほど跳ね上がりました.ogg],
観察,かんさつ,[sound:観察.ogg],"<img src=""観察.jpg"">",quan sát,科学は観察に基づいている。,Khoa học dựa trên quan sát.,Science rests upon observation.,[sound:科学は観察に基づいている.ogg],QUAN SÁT
景品,けいひん,[sound:景品.ogg],"<img src=""景品.jpg"">",quà tặng,その雑誌の購読予約をして景品をもらった。,Tôi đã đặt trước việc đăng ký đọc tạp chí đó và nhận được quà tặng.,I got a premium for subscribing to the magazine.,[sound:その雑誌の購読予約をして景品をもらった.ogg],CẢNH 
産休,さんきゅう,[sound:産休.ogg],,nghỉ sinh,９月３０日から１０月１４日まで産休を取ります。,Tôi sẽ nghỉ thai sản từ ngày 30 tháng 9 đến ngày 14 tháng 10.,I'm taking maternity leave from Sep.30 to Oct.14.,[sound:９月３０日から１０月１４日まで産休を取ります.ogg],SẢN HƯU
代替,だいたい,[sound:代替.ogg],"<img src=""代替.jpg"">",thay thế,切符を申し込まれる際は代替日もご指定ください。,Vui lòng chỉ định ngày thay thế khi yêu cầu vé.,"When applying for tickets, please give alternative dates.",[sound:切符を申し込まれる際は代替日もご指定ください.ogg],ĐẠI THẾ
衝突,しょうとつ,[sound:衝突.ogg],"<img src=""衝突.jpg"">","đâm vào, đụng vào",日米の利害がこの点で衝突した。,Mối quan tâm và lợi ích của Nhật Bản và Mỹ đã xung đột ở điểm này.,Japanese and American interests clashed on this point.,[sound:日米の利害がこの点で衝突した.ogg],XUNG ĐỘT
直進,ちょくしん,[sound:直進.ogg],"<img src=""直進.jpg"">","trực tiến, đi thẳng",,,,,"TRỰC TIẾN,TẤN"
横転,おうてん,[sound:横転.ogg],"<img src=""横転.jpg"">","ngã lộn nhào, té lộn nhào",「ところでよ、そのおめーのおとうさんはどこにいんのさ？」「横転したトラックの下なんよ。」,"""Nhân tiện nói, bố cậu đang ở đâu vậy?"" - ""Dưới dưới cái xe tải lật kia.""","""By the way, where's your old man?"" ""Under that over-turned truck.""",[sound:「ところでよ、そのおめーのおとうさんはどこにいんのさ？」「横転したトラックの下なんよ」.ogg],HOÀNH CHUYỂN
左折,させつ,[sound:左折.ogg],"<img src=""左折.jpg"">",quẹo trái,自動車は左折した。,Xe ô tô rẽ trái.,The car made a turn to the left.,[sound:自動車は左折した.ogg],TẢ TRIẾT
右折,うせつ,[sound:右折.ogg],"<img src=""右折.jpg"">",quẹo phải,右折しなさい、そうすれば私の事務所が見つかります。,"Hãy rẽ phải, làm vậy bạn sẽ tìm thấy văn phòng của tôi.","Turn to the right, and you'll find my office.",[sound:右折しなさい、そうすれば私の事務所が見つかります.ogg],HỮU TRIẾT
パトカー,パトカー,[sound:パトカー.ogg],"<img src=""パトカー.jpg"">",xe cảnh sát,パトカーを見て彼は逃げた。,Anh ta chạy trốn khi thấy xe cảnh sát.,He saw the police car and ran away.,[sound:パトカーを見て彼は逃げた.ogg],
打撲,だぼく,[sound:打撲.ogg],,"ẩu đả, đánh nhau",,,,,"ĐẢ PHÁC,BẠC"
軽傷,けいしょう,[sound:軽傷.ogg],"<img src=""軽傷.jpg"">",vết thương nhẹ,彼は交通事故で軽傷を負った。,Anh ta bị thương nhẹ trong tai nạn giao thông.,He was slightly injured in a traffic accident.,[sound:彼は交通事故で軽傷を負った.ogg],KHINH THƯƠNG
重体,じゅうたい,[sound:重体.ogg],"<img src=""重体.jpg"">","nghiêm trọng, bị thương nặng",その患者は重態だ。,Bệnh nhân đó đang trong tình trạng nặng.,The patient is in critical condition.,[sound:その患者は重態だ.ogg],"TRỌNG,TRÙNG THỂ"
目撃,もくげき,[sound:目撃.ogg],"<img src=""目撃.jpg"">","mục thị, chứng kiến",彼らはこの事件を目撃したことを報告した。,Họ đã báo cáo rằng họ đã chứng kiến ​​sự việc này.,They reported seeing the incident.,[sound:彼らはこの事件を目撃したことを報告した.ogg],MỤC KÍCH
細部,さいぶ,[sound:細部.ogg],"<img src=""細部.jpg"">",phần chi tiết,今後どんな細部にも注意を払いなさいよ。,Hãy chú ý đến từng chi tiết trong tương lai nhé.,You must pay attention to every minute detail from now on.,[sound:今後どんな細部にも注意を払いなさいよ.ogg], BỘ
刃物,はもの,[sound:刃物.ogg],"<img src=""刃物.jpg"">","đồ nhọn sắc bén, dao",そのように刃物を振り回すことは危険だ。,Việc vung dao như vậy là nguy hiểm.,It is dangerous to wield an edged tool in such a way.,[sound:そのように刃物を振り回すことは危険だ.ogg],NHẬN VẬT
押し入る,おしいる,[sound:押し入る.ogg],"<img src=""押し入る.jpg"">","đút vào, ấn vào",賊が彼の家に押し入った。,Kẻ trộm xâm nhập vào nhà anh ta.,Burglars broke into his house.,[sound:賊が彼の家に押し入った.ogg],ÁP NHẬP
脅す,おどす,[sound:脅す.ogg],"<img src=""脅す.jpg"">",đe dọa,彼はそれを公表すると脅した。,Anh ta đã đe dọa rằng sẽ công bố điều đó.,He threatened to make it public.,[sound:彼はそれを公表すると脅した.ogg],HIẾP
犯行,はんこう,[sound:犯行.ogg],"<img src=""犯行.jpg"">",hành vi phạm tội,彼は犯行に及んだと信じられていた。,Người ta tin rằng anh ta đã phạm tội.,He was believed to have committed the crime.,[sound:彼は犯行に及んだと信じられていた.ogg],PHẠM HÀNH
駆けつける,かけつける,[sound:駆けつける.ogg],,"chạy nhào tới, chạy nhanh tới",彼女は急いで彼の病床へ駆けつけた。,Cô ấy vội chạy đến giường bệnh của anh ta.,She came hurrying to his bedside.,[sound:彼女は急いで彼の病床へ駆けつけた.ogg],KHU
スリル,スリル,[sound:スリル.ogg],"<img src=""スリル.jpg"">","run sợ, kinh sợ, kinh hoàng",とてもスリルがあって面白かったです。,Nó rất hồi hộp và thú vị.,It was so thrilling and real fun.,[sound:とてもスリルがあって面白かったです.ogg],
取り押さえる,とりおさえる,[sound:取り押さえる.ogg],,"tóm được, túm bắt",警官はその泥棒を取り押さえた。,Cảnh sát bắt giữ tên trộm đó.,The policeman caught the thief.,[sound:警官はその泥棒を取り押さえた.ogg],THỦ ÁP
供述,きょうじゅつ,[sound:供述.ogg],,khai (sự thật),彼の供述の真実性は疑わしいと思う。,Tôi nghĩ tính chân thực của lời khai của anh ta là đáng ngờ.,I doubt the veracity of his statement.,[sound:彼の供述の真実性は疑わしいと思う.ogg],CUNG THUẬT
仰ぐ,あおぐ,[sound:仰ぐ.ogg],"<img src=""仰ぐ.jpg"">","ngước lên, ngước nhìn",彼は天を仰いだ。,Anh ta ngước lên trời.,He looked up at the sky.,[sound:彼は天を仰いだ.ogg],NGƯỠNG
円ら,つぶら,[sound:円ら.ogg],"<img src=""円ら.jpg"">",tròn xoe,,,,,VIÊN
手際,てぎわ,[sound:手際.ogg],,"kỹ năng, tay nghề",,,,,THỦ TẾ
時折,ときおり,[sound:時折.ogg],"<img src=""時折.jpg"">",thỉnh thoảng,私は時おり学校で彼に会う。,Thỉnh thoảng tôi gặp anh ta ở trường.,I meet him at school now and then.,[sound:私は時おり学校で彼に会う.ogg],"THỜI,THÌ TRIẾT"
尊い,とうとい,[sound:尊い.ogg],,"cao cả, quý giá",愛より尊い物はない。,Không có gì quý giá hơn tình yêu.,Nothing is as precious as love.,[sound:愛より尊い物はない.ogg],TÔN
相応しい,ふさわしい,[sound:相応しい.ogg],,"thích hợp, xứng đáng",君にふさわしいはずはないのだから。,Vì không phải là điều đáng có với bạn.,He couldn't be good for you.,[sound:君にふさわしいはずはないのだから.ogg],"TƯƠNG,TƯỚNG "
ぶらぶら,ぶらぶら,[sound:ぶらぶら.ogg],"<img src=""ぶらぶら.jpg"">",(thòng xuống) đong đưa,ちょっとその辺をブラブラしました。,Tôi đi dạo xung quanh khu vực đó một chút.,I wandered around for a while.,[sound:ちょっとその辺をブラブラしました.ogg],
弁解,べんかい,[sound:弁解.ogg],,"giải bày, biện hộ, giải biện",その失策には弁解の余地がない。,Không có chỗ cho lời biện hộ về sai lầm đó.,This fault admits of no excuse.,[sound:その失策には弁解の余地がない.ogg],"BIỆN,BIỀN GIẢI"
綻びる,ほころびる,[sound:綻びる.ogg],,"hé mắt, hé nụ",彼女のドレスのへりはほころびていた。,Viền của chiếc váy cô ấy đã rách.,The border of her dress was torn.,[sound:彼女のドレスのへりはほころびていた.ogg],
発作,ほっさ,[sound:発作.ogg],"<img src=""発作.jpg"">","phát tán, bộc phát",狭心症の発作が起きました。,Anh ta bị cơn suy tim.,I had an angina attack.,[sound:狭心症の発作が起きました.ogg],PHÁT TÁC
紛れる,まぎれる,[sound:紛れる.ogg],,"trộn lẫn, lẫn lộn",私の手紙は郵送中にどこかに紛れてしまったに違いない。,Thư của tôi chắc chắn đã bị lạc đâu đó trong quá trình gửi.,My letter must have gone astray in the mail.,[sound:私の手紙は郵送中にどこかに紛れてしまったに違いない.ogg],PHÂN
うっかり,うっかり,[sound:うっかり.ogg],,"đờ người ra, thờ người ra",うっかりそれを忘れるところだったわ。,Tôi hầu như đã quên nó mất rồi.,I almost forgot all about that.,[sound:うっかりそれを忘れるところだったわ.ogg],
一斉に,いっせいに,[sound:一斉に.ogg],,đồng loạt,人々が一斉に走り出した。,Mọi người bắt đầu chạy cùng một lúc.,People started to run all at once.,[sound:人々が一斉に走り出した.ogg],NHẤT 
身の上,みのうえ,[sound:身の上.ogg],,số phận,彼女は深呼吸してから、身の上を語り始めた。,"Sau khi thở sâu, cô ấy bắt đầu kể về cuộc đời mình.",She took a deep breath and then started to talk about herself.,[sound:彼女は深呼吸してから、身の上を語り始めた.ogg],THÂN THƯỢNG
未練,みれん,[sound:未練.ogg],"<img src=""未練.jpg"">","nuối tiếc, thương tiếc, sầu muộn",彼女にはまだ未練がある。,Cô ấy vẫn còn nuối tiếc.,I still have some feelings for her.,[sound:彼女にはまだ未練がある.ogg],"VỊ,MÙI LUYỆN"
大柄,おおがら,[sound:大柄.ogg],,dáng người to cao,ある研究によれば、大柄な女性は双子を生む傾向がより強い。,"Theo một nghiên cứu, phụ nữ cao lớn có xu hướng sinh đôi mạnh mẽ hơn.","According to a study, big women are more prone to have twins.",[sound:ある研究によれば、大柄な女性は双子を生む傾向がより強い.ogg],ĐẠI BÍNH
小柄,こがら,[sound:小柄.ogg],"<img src=""小柄.jpg"">","dáng người thấp bé, nhỏ nhắn",彼らはその少女は小柄だと言った。,Họ nói rằng cô gái đó nhỏ nhắn.,They described the girl as being small.,[sound:彼らはその少女は小柄だと言った.ogg],TIỂU BÍNH
平たい,ひらたい,[sound:平たい.ogg],"<img src=""平たい.jpg"">",bằng phẳng,古代人たちは地球は平たいと信じていた。,Người cổ đại tin rằng Trái đất là phẳng.,The ancients believed the earth was flat.,[sound:古代人たちは地球は平たいと信じていた.ogg],BÌNH
厳密,げんみつ,[sound:厳密.ogg],"<img src=""厳密.jpg"">","tuyệt mật, thật kín đáo",厳密な科学的観点からは、歴史は科学とはいえない。,"Từ quan điểm khoa học chính xác, lịch sử không được coi là khoa học.","From a strictly scientific point of view, history cannot be called a science.",[sound:厳密な科学的観点からは、歴史は科学とはいえない.ogg],NGHIÊM MẬT
交互,こうご,[sound:交互.ogg],"<img src=""交互.jpg"">",thay phiên nhau,好況と不況は交互に来る。,Thịnh vượng và suy thoái đến xen kẽ nhau.,Good times alternate with bad.,[sound:好況と不況は交互に来る.ogg],GIAO 
快い,こころよい,[sound:快い.ogg],,"sảng khoái, thoải mái",私は昨夜快く眠った。,Tôi đã ngủ ngon lành đêm qua.,I slept comfortably last night.,[sound:私は昨夜快く眠った.ogg],KHOÁI
長閑,のどか,[sound:長閑.ogg],"<img src=""長閑.jpg"">","yên bình, tĩnh lặng",こんなのどかな眺めは見たことがない。,Tôi chưa từng thấy cảnh như thế này yên bình trước đây.,Never have I seen such a peaceful scene.,[sound:こんなのどかな眺めは見たことがない.ogg],TRƯỜNG 
創業,そうぎょう,[sound:創業.ogg],"<img src=""創業.jpg"">","thành lập, khởi nghiệp",,,,,SÁNG 
志す,こころざす,[sound:志す.ogg],"<img src=""志す.jpg"">","hướng tới, có ý định làm, muốn đạt được",このコーヒー店には芸術家を志すものが足しげく通う。,Nhiều người có khát vọng trở thành nghệ sĩ thường xuyên đến quán cà phê này.,This coffee shop is frequented by aspiring artists.,[sound:このコーヒー店には芸術家を志すものが足しげく通う.ogg],CHÍ
志,こころざし,[sound:志.ogg],"<img src=""志.jpg"">","ý định, chí hướng",何事をするにも志が大切。,Đam mê là quan trọng trong mọi việc.,The will is as good as the deed.,[sound:何事をするにも志が大切.ogg],CHÍ
累進,るいしん,[sound:累進.ogg],,"thăng tiến, (sự nghiệp) thành công",,,,,"TIẾN,TẤN"
イマイチ,イマイチ,[sound:イマイチ.ogg],,"dở, kém, thiếu thiếu gì đấy",いまいち東芝は信用できない。,Tôi không tin tưởng lắm vào Toshiba.,I can't really trust Toshiba.,[sound:いまいち東芝は信用できない.ogg],
視聴率,しちょうりつ,[sound:視聴率.ogg],,tỉ lệ người xem,,,,,THỊ THÍNH XUẤT
鋭い,するどい,[sound:鋭い.ogg],"<img src=""鋭い.jpg"">","nhạy bén, sắc sảo",ここに鋭い痛みがあります。,Tôi cảm thấy đau nhói sắc bén ở đây.,I have a sharp pain here.,[sound:ここに鋭い痛みがあります.ogg],"NHUỆ,DUỆ"
ミステリアス,ミステリアス,[sound:ミステリアス.ogg],"<img src=""ミステリアス.jpg"">",huyền bí,,,,,
穴場,あなば,[sound:穴場.ogg],"<img src=""穴場.jpg"">",địa điểm hay nhưng ít được biết đến,この温泉は穴場だね。,Suối nước nóng này thực sự là một điểm đến tốt.,This hot spring is a great find.,[sound:この温泉は穴場だね.ogg],HUYỆT TRƯỜNG
損壊,そんかい,[sound:損壊.ogg],"<img src=""損壊.jpg"">",tổn hại,,,,,TỔN HOẠI
心境,しんきょう,[sound:心境.ogg],"<img src=""心境.jpg"">",tâm trạng,いやあ面目ない。穴があったら入りたい心境だよ。,Thật là xấu hổ. Muốn có một lỗ để có thể trốn vào trong đó.,I'm so sorry about what I did. I wish I could just crawl into a hole and die.,[sound:いやあ面目ない穴があったら入りたい心境だよ.ogg],TÂM 
鈍感,どんかん,[sound:鈍感.ogg],,không nhạy bén,概してエリート達は批判に対して鈍感である。,"Nói chung, những người ưu tú thường không nhạy cảm với sự phê phán.","On the whole, the elite are not sensitive to criticism.",[sound:概してエリート達は批判に対して鈍感である.ogg], CẢM
参道,さんどう,[sound:参道.ogg],"<img src=""参道.jpg"">",đường dành riêng cho người đi bộ,,,,,"THAM,SÂM ĐẠO"
殺到,さっとう,[sound:殺到.ogg],"<img src=""殺到.jpg"">",dồn ép,その本の注文が殺到した。,Sách đó nhận được rất nhiều đơn hàng.,Orders for the book poured in.,[sound:その本の注文が殺到した.ogg],SÁT ĐÁO
バタバタ,バタバタ,[sound:バタバタ.ogg],"<img src=""バタバタ.jpg"">","phành phạch, tất bật",朝からのバタバタで忘れかけていたけど、まだ部員問題も残ってるんだろう？,"Vì tất bật từ sáng nên tôi đã quên, nhưng vấn đề thành viên vẫn còn lại phải không?",With all the kerfuffle since this morning I'd almost forgotten but we've still got the problem of the club members haven't we?,[sound:朝からのバタバタで忘れかけていたけど、まだ部員問題も残ってるんだろう？.ogg],
税務署,ぜいむしょ,[sound:税務署.ogg],"<img src=""税務署.jpg"">",sở thuế vụ,税務署は控除を認めた。,Cục Thuế đã chấp nhận việc khấu trừ.,The tax agent allowed the deduction.,[sound:税務署は控除を認めた.ogg],THUẾ VỤ 
脱税,だつぜい,[sound:脱税.ogg],"<img src=""脱税.jpg"">",sự trốn thuế,ジャックは脱税しようとした。,Jack đã cố gắng trốn thuế.,Jack tried to evade paying his taxes.,[sound:ジャックは脱税しようとした.ogg],THOÁT THUẾ
始末,しまつ,[sound:始末.ogg],"<img src=""始末.jpg"">","don dẹp, xử lý",世界からは【麻疹輸出国】と嫌味とも本音ともとれることをいわれている始末。,"Anh ta bị xem là ""quốc gia xuất khẩu bệnh sởi"" từ khắp nơi trên thế giới, điều đó có thể được hiểu là sự châm chọc hoặc thật lòng.","Ending up with being called a ""measles exporting country"" by the rest of the world, something that you could take as insult or truth.",[sound:世界からは【麻疹輸出国】と嫌味とも本音ともとれることをいわれている始末.ogg],THỦY MẠT
バケツ,バケツ,[sound:バケツ.ogg],"<img src=""バケツ.jpg"">","cái xô, thùng (đựng nước)",このバケツには穴が開いている。,Chiếc xô này có lỗ.,There's a hole in this bucket.,[sound:このバケツには穴が開いている.ogg],
誤認,ごにん,[sound:誤認.ogg],,ngộ nhận,科学者の通弊は、あらゆる問題に技術的解決策があると誤認すること。,Một sai lầm của các nhà khoa học là cho rằng có giải pháp kỹ thuật cho mọi vấn đề.,A fault common to scientists is mistakenly believing that every problem has a technical solution.,[sound:科学者の通弊は、あらゆる問題に技術的解決策があると誤認すること.ogg], 
ずぶ,ずぶ,[sound:ずぶ.ogg],"<img src=""ずぶ.jpg"">","tất cả, toàn bộ",,,,,
顧みる,かえりみる,[sound:顧みる.ogg],,suy nghĩ chuyện đã qua,彼女は費用を顧みず家を飾りたてた。,Cô ấy đã trang trí nhà mà không quan tâm đến chi phí.,She decorated her house regardless of cost.,[sound:彼女は費用を顧みず家を飾りたてた.ogg],CỐ
コスプレ,コスプレ,[sound:コスプレ.ogg],"<img src=""コスプレ.jpg"">","hóa trang thành nhân vật truyện tranh, anime",,,,,
聖地,せいち,[sound:聖地.ogg],"<img src=""聖地.jpg"">",thánh địa,手始めは、三大宗教の聖地、エルサレムを訪れることだった。,Bắt đầu bằng việc thăm thành phố thánh Jerusalem của ba tôn giáo lớn.,"For a start, I visited Jerusalem - a sacred place for three major religions.",[sound:手始めは、三大宗教の聖地、エルサレムを訪れることだった.ogg],THÁNH 
弾む,はずむ,[sound:弾む.ogg],"<img src=""弾む.jpg"">","dội lại, đàn hồi",ボールははずんで塀を飛び越えた。,Quả bóng đã nảy và vượt qua hàng rào.,The ball bounced over the wall.,[sound:ボールははずんで塀を飛び越えた.ogg],"ĐÀN,ĐẠN"
腰痛,ようつう,[sound:腰痛.ogg],"<img src=""腰痛.jpg"">",đau thắt lưng,腰痛がひどいんです。,Tôi đau lưng rất nặng.,I have a bad pain in my lower back.,[sound:腰痛がひどいんです.ogg],YÊU THỐNG
異物,いぶつ,[sound:異物.ogg],"<img src=""異物.jpg"">",vật lạ,,,,,DỊ VẬT
混入,こんにゅう,[sound:混入.ogg],"<img src=""混入.jpg"">",trộn vào,,,,,HỖN NHẬP
怠慢,たいまん,[sound:怠慢.ogg],"<img src=""怠慢.jpg"">",lười biếng,彼は義務怠慢で非難された。,Anh ta bị chỉ trích vì làm lơ trách nhiệm.,He was blamed for neglect of duty.,[sound:彼は義務怠慢で非難された.ogg], MẠN
怠る,おこたる,[sound:怠る.ogg],,làm biếng,あなたは「ありがとう」と言うことを怠った。,"Bạn đã bỏ lỡ việc nói ""cảm ơn"".","You neglected to say ""Thank you.""",[sound:あなたは「ありがとう」と言うことを怠った.ogg],
解雇,かいこ,[sound:解雇.ogg],"<img src=""解雇.jpg"">","đuổi việc, sa thải",いきなり解雇を言い渡された。,Tôi bị sa thải đột ngột.,I was discharged without notice.,[sound:いきなり解雇を言い渡された.ogg],GIẢI CỐ
独裁的,どくさいてき,[sound:独裁的.ogg],"<img src=""独裁的.jpg"">",tính độc tài,人権擁護団体は独裁的な政府に圧力をかけています。,Tổ chức bảo vệ nhân quyền đang đặt áp lực lên chính phủ độc đáo.,Human rights groups are putting pressure on authoritarian governments.,[sound:人権擁護団体は独裁的な政府に圧力をかけています.ogg],ĐỘC TÀI ĐÍCH
ぎっくり腰,ぎっくりごし,[sound:ぎっくり腰.ogg],,cụp xương sống,ぎっくり腰なんです。,Tôi bị đau lưng cứng.,I have a strained back.,[sound:ぎっくり腰なんです.ogg],YÊU
搬送,はんそう,[sound:搬送.ogg],"<img src=""搬送.jpg"">",chuyên chở,光ファイバーケーブルは膨大な量の情報を搬送できる。,Cáp quang có thể truyền tải một lượng thông tin khổng lồ.,Fibre-optic cables can carry huge amounts of information.,[sound:光ファイバーケーブルは膨大な量の情報を搬送できる.ogg],"BAN,BÀN TỐNG"
アルコール中毒,アルコールちゅうどく,[sound:アルコール中毒.ogg],"<img src=""アルコール中毒.jpg"">",ngộ độc rượu,彼女はアルコール中毒だ。,Cô ấy là người nghiện rượu.,She is addicted to alcohol.,[sound:彼女はアルコール中毒だ.ogg],TRUNG ĐỘC
仮眠,かみん,[sound:仮眠.ogg],"<img src=""仮眠.jpg"">",ngủ 1 giấc ngắn,少し仮眠をとるといいですよ。,Bạn nên nghỉ ngơi một chút.,A few hours nap will do you good.,[sound:少し仮眠をとるといいですよ.ogg],GIẢ MIÊN
異変,いへん,[sound:異変.ogg],"<img src=""異変.jpg"">",bất thường,,,,,DỊ BIẾN
察する,さっする,[sound:察する.ogg],,phán đoán,この手紙から察すると彼は立腹しているようだ。,"Từ lá thư này, có vẻ như anh ấy đang tức giận.",I gathered from this letter that he was angry.,[sound:この手紙から察すると彼は立腹しているようだ.ogg],SÁT
弾力,だんりょく,[sound:弾力.ogg],"<img src=""弾力.jpg"">",lực đàn hồi,,,,,"ĐÀN,ĐẠN LỰC"
しなやか,しなやか,[sound:しなやか.ogg],"<img src=""しなやか.jpg"">","dẻo, dẻo dai",,,,,
使命,しめい,[sound:使命.ogg],"<img src=""使命.jpg"">",sứ mệnh,彼らは使命を果たした。,Họ đã hoàn thành nhiệm vụ.,They accomplished their mission.,[sound:彼らは使命を果たした.ogg], MỆNH
辛抱,しんぼう,[sound:辛抱.ogg],"<img src=""辛抱.jpg"">",nhẫn nại,他人には辛抱するようにしなさい。,Hãy kiên nhẫn với người khác.,Try to be patient with others.,[sound:他人には辛抱するようにしなさい.ogg],TÂN BÃO
掬う,すくう,[sound:掬う.ogg],"<img src=""掬う.jpg"">","hốt 1 nhúm, 1 ít (bột, chất lỏng)",,,,,
費やす,ついやす,[sound:費やす.ogg],"<img src=""費やす.jpg"">",tiêu xài,つまらないことに時間を費やすな。,Đừng lãng phí thời gian cho những điều nhàm chán.,Don't waste your time on trifles.,[sound:つまらないことに時間を費やすな.ogg],PHÍ
痛切,つうせつ,[sound:痛切.ogg],,"sâu sắc, thấm thía",彼女は悲しさがあまりにも痛切で涙も出なかった。,Cô ấy quá đau đớn đến mức không thể khóc.,Her grief was too acute for tears.,[sound:彼女は悲しさがあまりにも痛切で涙も出なかった.ogg],THỐNG THIẾT
妬む,ねたむ,[sound:妬む.ogg],,ganh tỵ,彼は君の成功をねたんでいる。,Anh ta ghen tị vì thành công của bạn.,He begrudges you your success.,[sound:彼は君の成功をねたんでいる.ogg],
ノイローゼ,ノイローゼ,[sound:ノイローゼ.ogg],,,本物のノイローゼの奴がノイローゼだなんて自称するのかね？,Người thật sự bị rối loạn lo âu tự xưng là rối loạn lo âu?,Do you think real neurotics really go and call themselves such?,[sound:本物のノイローゼの奴がノイローゼだなんて自称するのかね？.ogg],
背景,はいけい,[sound:背景.ogg],"<img src=""背景.jpg"">",bối cảnh,彼は経済的背景がしっかりしている。,Anh ta có nền tảng kinh tế vững chắc.,His economical backing is secure.,[sound:彼は経済的背景がしっかりしている.ogg],BỐI CẢNH
白状,はくじょう,[sound:白状.ogg],"<img src=""白状.jpg"">",khai báo,彼は過ちをあからさまに白状した。,Anh ta thú nhận lỗi lầm một cách rõ ràng.,He openly confessed his faults.,[sound:彼は過ちをあからさまに白状した.ogg],BẠCH TRẠNG
恥じらう,はじらう,[sound:恥じらう.ogg],,mắc cỡ,,,,,SỈ
没収,ぼっしゅう,[sound:没収.ogg],"<img src=""没収.jpg"">","tịch thu, thu hồi",兵隊たちは彼らが征服した人々から食物を没収した。,Những người lính đã tịch thu thực phẩm từ những người mà họ đã chinh phục.,The soldiers seized food from the people they conquered.,[sound:兵隊たちは彼らが征服した人々から食物を没収した.ogg],MỘT 
みすぼらしい,みすぼらしい,[sound:みすぼらしい.ogg],"<img src=""みすぼらしい.jpg"">","nghèo nàn, yếu đuối",どうやら、そのみすぼらしいアパートは空き家のようだ。,Có vẻ như căn hộ tình hình sơ tán đó giống như một ngôi nhà trống.,Apparently that shabby flat is vacant.,[sound:どうやら、そのみすぼらしいアパートは空き家のようだ.ogg],
微塵,みじん,[sound:微塵.ogg],"<img src=""微塵.jpg"">",bụi nhỏ (cực nhỏ),彼には親切心などみじんもない。,Anh ta không có một chút lòng tốt nào.,He doesn't have a particle of kindness in his heart.,[sound:彼には親切心などみじんもない.ogg],VI TRẦN
ゆすぐ,すすぐ,[sound:ゆすぐ.ogg],,súc miệng,お前は長い年月をかけて汚名をそそがねばならないだろう。,Cậu sẽ phải dọn dẹp những tiếng xấu trong suốt một thời gian dài.,It will take a long time to live down your disgrace.,[sound:お前は長い年月をかけて汚名をそそがねばならないだろう.ogg],
好調,こうちょう,[sound:好調.ogg],"<img src=""好調.jpg"">",(máy) chạy tốt,滑り出しが好調なら事は半ば成就したのに等しい。,"Nếu bắt đầu thuận lợi, thì việc đó tương đương với nửa thành công.",Well begun is half done.,[sound:滑り出しが好調なら事は半ば成就したのに等しい.ogg],HẢO ĐIỀU
元来,がんらい,[sound:元来.ogg],,trạng thái từ đầu,元来フットボールとは、ポロのように馬に乗って行われる競技とは違って、足で、ボールを使って行われる競技のことでした。,"Nguyên tắc, bóng đá là một môn thể thao được chơi bằng chân và bóng, không giống với polo điều khiển bằng ngựa.","Football originally meant ""a game played with a ball on foot"" - unlike a game played on horseback, such as polo.",[sound:元来フットボールとは、ポロのように馬に乗って行われる競技とは違って、足で、ボールを使って行われる競技のことでした.ogg],NGUYÊN LAI
下痢,げり,[sound:下痢.ogg],"<img src=""下痢.jpg"">",tiêu chảy,下痢止めです。,Đây là thuốc cảm quan.,Here's some medicine for diarrhea.,[sound:下痢止めです.ogg],HẠ LỴ
華々しい,はなばなしい,[sound:華々しい.ogg],,"rực rỡ, lộng lẫy",,,,,HOA
アプローチ,アプローチ,[sound:アプローチ.ogg],"<img src=""アプローチ.jpg"">",tiếp cận,これらの図式は求職に関する様々なアプローチを示している。,Những biểu đồ này đều chỉ ra các phương pháp tiếp cận trong việc tìm việc.,These diagrams demonstrate different possible approaches to job seeking.,[sound:これらの図式は求職に関する様々なアプローチを示している.ogg],
インフレ,インフレ,[sound:インフレ.ogg],"<img src=""インフレ.jpg"">",lạm phát,インフレを考慮した数値です。,Đây là các số liệu được tính toán dựa trên lạm phát.,It's an inflation-adjusted figure.,[sound:インフレを考慮した数値です.ogg],
嘲笑う,あざわらう,[sound:嘲笑う.ogg],,"cười nhạo, chế giễu",われわれは貧しい人あざ笑ってはいけない。,Chúng ta không nên chế nhạo người nghèo.,We must not laugh at the poor.,[sound:われわれは貧しい人あざ笑ってはいけない.ogg],TRÀO TIẾU
あべこべ,あべこべ,[sound:あべこべ.ogg],,ngược ngạo,あなたはシャツをあべこべに着ている。,Bạn đang mặc áo sơ mi ngược chiều.,You are wearing your shirt inside out.,[sound:あなたはシャツをあべこべに着ている.ogg],
かぶれる,かぶれる,[sound:かぶれる.ogg],,"chìm, đắm, nổi mày đay",ツタウルシにかぶれました。,Tôi bị phát ban do tiếp xúc với cây rủ.,I got a rash from poison ivy.,[sound:ツタウルシにかぶれました.ogg],
しいて,しいて,[sound:しいて.ogg],"<img src=""しいて.jpg"">","quá sức, quá mức chịu đựng",,,,,
強いる,しいる,[sound:強いる.ogg],,"vắt, ép",彼らは我々に服従を強いた。,Họ bắt buộc chúng ta phải tuân thủ.,They enforced obedience upon us.,[sound:彼らは我々に服従を強いた.ogg],CƯỜNG
とんだ,とんだ,[sound:とんだ.ogg],"<img src=""とんだ.jpg"">",adjectival không tưởng tượng nổi,証人喚問はとんだ騒ぎになってしまいました。,Điều tra nhân chứng đã trở thành một cuộc ồn ào to lớn.,The confirmation hearings turned into a free-for-all.,[sound:証人喚問はとんだ騒ぎになってしまいました.ogg],
だぶだぶ,だぶだぶ,[sound:だぶだぶ.ogg],"<img src=""だぶだぶ.jpg"">",sóng sánh,だぶだぶの上着が最新の流行なのだ。,Áo khoác rộng thùng thình là xu hướng mới nhất.,Loose jackets are the latest fad.,[sound:だぶだぶの上着が最新の流行なのだ.ogg],
中傷,ちゅうしょう,[sound:中傷.ogg],"<img src=""中傷.jpg"">",nói oan (vô căn cứ),※基本的な禁止事項（誹謗・中傷の禁止等）は「はじめにお読み下さい」に記載してあります。必ずお読みください。,"※Các hạn chế cơ bản (cấm vu khống, công kích, v.v.) được đề cập trong ""Xin vui lòng đọc trước"". Vui lòng đọc kỹ.","* The basic prohibitions (No slander, libel, etc.) are noted in the ""Read me first."" Please be sure to read it.",[sound:※基本的な禁止事項（誹謗・中傷の禁止等）は「はじめにお読み下さい」に記載してあります必ずお読みください.ogg],TRUNG THƯƠNG
束の間,つかのま,[sound:束の間.ogg],"<img src=""束の間.jpg"">","1 chút, 1 lát",がっかりしたことに、彼の勝利は、つかの間の勝利にすぎなかった。,"Đáng thất vọng là, chiến thắng của anh ta chỉ là một chiến thắng tạm thời.","To my regret, his was nothing but a short-lived triumph.",[sound:がっかりしたことに、彼の勝利は、つかの間の勝利にすぎなかった.ogg],THÚC 
楽観,らっかん,[sound:楽観.ogg],"<img src=""楽観.jpg"">",lạc quan,父は私の楽観を乱さないことにした。,Cha tôi đã quyết định không làm mất lòng lạc quan của tôi.,My father chose not to disturb my optimism.,[sound:父は私の楽観を乱さないことにした.ogg],"LẠC,NHẠC QUAN"
悲観,ひかん,[sound:悲観.ogg],"<img src=""悲観.jpg"">",bi quan,彼女は悲観する傾向がある。,Cô ấy có xu hướng bi quan.,She has a tendency to look on the dark side of things.,[sound:彼女は悲観する傾向がある.ogg],BI QUAN
ぶかぶか,ぶかぶか,[sound:ぶかぶか.ogg],"<img src=""ぶかぶか.jpg"">",rộng thùng thình,,,,,
ぺこぺこ,ペコペコ,[sound:ぺこぺこ.ogg],,trống rỗng,お腹がぺこぺこです。,Tôi đói meo mốc.,I am terribly hungry.,[sound:お腹がぺこぺこです.ogg],
跨る,またがる,[sound:跨る.ogg],,ngồi tư thế cưỡi ngựa,馬の背にまたがり野山を走り回った。,Ngồi lên lưng ngựa và chạy đến rừng núi.,I rode around the country on horseback.,[sound:馬の背にまたがり野山を走り回った.ogg],
まるっきり,まるっきり,[sound:まるっきり.ogg],,hoàn toàn,おもってたのとまるっきり違いますねえ。,Khác hoàn toàn so với những gì tôi nghĩ.,It's really different from what I expected.,[sound:おもってたのとまるっきり違いますねえ.ogg],
むしる,むしる,[sound:むしる.ogg],,nhổ (răng…),ぐはっ！？俺の貴重な頭髪を、むしるな！,Ôi trời ơi! Đừng cạo đầu quý giá của tôi!,O-oi!? Don't rip off my precious hair!,[sound:ぐはっ！？俺の貴重な頭髪を、むしるな！.ogg],
明瞭,めいりょう,[sound:明瞭.ogg],,rõ ràng,その２語の用法の区別は明瞭である。,Sự phân biệt trong cách sử dụng hai từ đó rõ ràng.,The distinction in usage between the two words is clear.,[sound:その２語の用法の区別は明瞭である.ogg], 
もっぱら,もっぱら,[sound:もっぱら.ogg],,tập trung,その特権はもっぱらご婦人だけに限られている。,Đặc quyền đó chỉ giới hạn cho các bà.,The privilege is reserved exclusively for women.,[sound:その特権はもっぱらご婦人だけに限られている.ogg],
やり通す,やりとおす,[sound:やり通す.ogg],,làm đến cùng,君は計画を遣り通さなければならない。,Bạn phải tiến hành kế hoạch của mình.,You must go through with your plan.,[sound:君は計画を遣り通さなければならない.ogg],
目力,めぢから,[sound:目力.ogg],"<img src=""目力.jpg"">",sức mạnh của ánh mắt,,,,,MỤC LỰC
掛け持ち,かけもち,[sound:掛け持ち.ogg],,làm cả hai việc một lần,部活のかけもち、大変だと思うけどがんばれよ。,"Tôi biết việc tham gia nhiều hoạt động ngoại khóa cực kỳ vất vả, nhưng hãy cố gắng lên nhé.","I'm sure it's tough taking part in the activities of two clubs, but good luck!",[sound:部活のかけもち、大変だと思うけどがんばれよ.ogg], TRÌ
本末転倒,ほんまつてんとう,[sound:本末転倒.ogg],,không làm việc chính lại đi làm việc chẳng đâu vào đâu,あなたの言っていることは本末転倒だと思わないかい？,Bạn có nghĩ những gì bạn đang nói là đi ngược lại vấn đề chính không?,Don't you think you're putting the cart before the horse?,[sound:あなたの言っていることは本末転倒だと思わないかい？.ogg],"BẢN,BỔN MẠT CHUYỂN ĐẢO"
一瞬,いっしゅん,[sound:一瞬.ogg],"<img src=""一瞬.jpg"">","trong phút chốc, trong tích tắc",それは私にとってはらはらする一瞬だった。,Điều đó đã làm tim tôi đập thình thịch trong một khoảnh khắc.,It was a nervous moment for me.,[sound:それは私にとってはらはらする一瞬だった.ogg],NHẤT THUẤN
通常,つうじょう,[sound:通常.ogg],"<img src=""通常.jpg"">",thông thường,彼は、通常バスで学校へ行きます。,Anh ấy thường đi học bằng xe bus.,He usually goes to school by bus.,[sound:彼は、通常バスで学校へ行きます.ogg], THƯỜNG
常に,つねに,[sound:常に.ogg],"<img src=""常に.jpg"">","thường lệ, lúc nào cũng, luôn luôn",常に疲労感があります。,Tôi luôn cảm thấy mệt mỏi.,I always have a tired feeling.,[sound:常に疲労感があります.ogg],THƯỜNG
挫折,ざせつ,[sound:挫折.ogg],"<img src=""挫折.jpg"">","thất bại, sụp đổ, chùn bước",資金不足のためわれわれの計画は挫折した。,Kế hoạch của chúng tôi đã thất bại do thiếu vốn.,Our plan failed because of the shortage of funds.,[sound:資金不足のためわれわれの計画は挫折した.ogg],TỎA TRIẾT
愚痴,ぐち,[sound:愚痴.ogg],"<img src=""愚痴.jpg"">","than vãn, phàn nàn",,,,,NGU 
取り寄せる,とりよせる,[sound:取り寄せる.ogg],,đặt hàng,お取り寄せいたしましょうか。,Tôi có thể đặt hàng cho bạn không?,Would you like me to order it?,[sound:お取り寄せいたしましょうか.ogg],THỦ KỲ
グルメ,グルメ,[sound:グルメ.ogg],"<img src=""グルメ.jpg"">","phong vị món ăn, người sành ăn",,,,,
達成,たっせい,[sound:達成.ogg],"<img src=""達成.jpg"">",đạt được,アンは望んでいた目標を達成した。,Ann đã đạt được mục tiêu mà cô ấy ao ước.,Ann has achieved her desired goal.,[sound:アンは望んでいた目標を達成した.ogg],ĐẠT THÀNH
無断,むだん,[sound:無断.ogg],,tự ý (làm gì đó mà không xin phép),彼女はよく無断欠席をする。,Cô ấy thường vắng mặt mà không có lí do.,She is often absent without leave.,[sound:彼女はよく無断欠席をする.ogg]," ĐOẠN,ĐOÁN"
前衛,ぜんえい,[sound:前衛.ogg],"<img src=""前衛.jpg"">","tiền vệ, tiên phong, mới (nghệ thuật)",駄目だよ。君、背が高いんだから前衛に来てくれないと。,"Không được rồi. Bạn cao lắm, nên hãy đến phía trước.",That's no good! You're tall so you've got to be in the forward defence.,[sound:駄目だよ君、背が高いんだから前衛に来てくれないと.ogg],TIỀN VỆ
存続,そんぞく,[sound:存続.ogg],,tiếp tục tồn tại,その地方ではその古い風俗がなお存続している。,Tập tục cũ đó vẫn tồn tại ở vùng đó.,The old custom is still kept up in that district.,[sound:その地方ではその古い風俗がなお存続している.ogg],TỒN TỤC
愛顧,あいこ,[sound:愛顧.ogg],"<img src=""愛顧.jpg"">","(khách hàng) thân thiết, quen thuộc",日頃のご愛顧にお礼申し上げます。,Xin cảm ơn sự ủng hộ của quý khách hàng thường xuyên.,We really thank you for your patronage.,[sound:日頃のご愛顧にお礼申し上げます.ogg],ÁI CỐ
諸,しょ,[sound:諸.ogg],"<img src=""諸.jpg"">",prefix nhiều,諸設備の費用は払っていただきます。,Quý khách vui lòng thanh toán chi phí cho các thiết bị khác nhau.,You have to pay for utilities.,[sound:諸設備の費用は払っていただきます.ogg],
頻発,ひんぱつ,[sound:頻発.ogg],,thường xuyên (xảy ra),,,,,TẦN PHÁT
抜群,ばつぐん,[sound:抜群.ogg],"<img src=""抜群.jpg"">","nổi bật, quá tốt",あなたはユーモアのセンスが抜群です。,Bạn có khả năng hài hước tuyệt vời.,You've got a great sense of humor.,[sound:あなたはユーモアのセンスが抜群です.ogg],BẠT QUẦN
解釈,かいしゃく,[sound:解釈.ogg],"<img src=""解釈.jpg"">","giải thích, làm sáng tỏ",それは２通りに解釈できる。,Điều đó có thể được hiểu theo hai cách.,That reads two different ways.,[sound:それは２通りに解釈できる.ogg],GIẢI 
訳す,やくす,[sound:訳す.ogg],,"dịch, thông dịch",この文を英語に訳しなさい。,Hãy dịch câu này sang tiếng Anh.,Put this sentence into English.,[sound:この文を英語に訳しなさい.ogg],DỊCH
一丸,いちがん,[sound:一丸.ogg],"<img src=""一丸.jpg"">","(tất cả) cùng đồng lòng, nhất trí, trở thành một",,,,,NHẤT HOÀN
質感,しつかん,[sound:質感.ogg],"<img src=""質感.jpg"">","cảm giác (về đồ vật nào đó), chất lượng",,,,,CHẤT CẢM
目処,めど,[sound:目処.ogg],"<img src=""目処.jpg"">","quan điểm, tầm nhìn, mục tiêu",,,,,"MỤC XỬ,XỨ"
立ち上がる,たちあがる,[sound:立ち上がる.ogg],"<img src=""立ち上がる.jpg"">",đứng dậy,突然若い女性が立ち上がった。,Một phụ nữ trẻ đứng lên đột ngột.,"Suddenly, a young woman stood up.",[sound:突然若い女性が立ち上がった.ogg],LẬP THƯỢNG
排出,はいしゅつ,[sound:排出.ogg],"<img src=""排出.jpg"">",thải ra ngoài,炭素排出量の変動が、以下のグラフに描かれている。,Biểu đồ dưới đây miêu tả sự biến động lượng khí carbon thải.,The differing volumes of carbon emissions are plotted in the graph below.,[sound:炭素排出量の変動が、以下のグラフに描かれている.ogg], XUẤT
入閣,にゅうかく,[sound:入閣.ogg],"<img src=""入閣.jpg"">","vào nội các, gia nhập nội các",,,,,NHẬP CÁC
苦楽,くらく,[sound:苦楽.ogg],"<img src=""苦楽.jpg"">","khổ lạc, khổ và sướng",私は貴方と苦楽を共にしよう。,Tôi sẽ chia sẻ khó khăn và niềm vui cùng bạn.,I'll share both troubles and joys with you.,[sound:私は貴方と苦楽を共にしよう.ogg],"KHỔ LẠC,NHẠC"
対戦,たいせん,[sound:対戦.ogg],"<img src=""対戦.jpg"">","đối chiến, cuộc chiến",私はチャンピオンと対戦した。,Tôi đã thi đấu với nhà vô địch.,I played against the champion.,[sound:私はチャンピオンと対戦した.ogg],ĐỐI CHIẾN
思春期,ししゅんき,[sound:思春期.ogg],"<img src=""思春期.jpg"">","tuổi mới lớn, tuổi dậy thì",自分の思春期を振り返ると、いつも憂うつな気分になる。,"Khi nhìn lại tuổi thơ dậy thì của mình, tôi luôn cảm thấy buồn bã.",I cannot look back on my adolescence without feeling depressed.,[sound:自分の思春期を振り返ると、いつも憂うつな気分になる.ogg], XUÂN KỲ
怪しむ,あやしむ,[sound:怪しむ.ogg],,"nghi ngờ, ngờ vực, hồ nghi",私達はその食べ物のにおいを怪しみながらかいだ。,Chúng tôi nếm thử với sự nghi ngờ về mùi hương của món ăn đó.,We sniffed at the food suspiciously.,[sound:私達はその食べ物のにおいを怪しみながらかいだ.ogg],QUÁI
アピール,アピール,[sound:アピール.ogg],"<img src=""アピール.jpg"">","thể hiện mình, tạo chú ý cho mình",,,,,
大根おろし,だいこんおろし,[sound:大根おろし.ogg],"<img src=""大根おろし.jpg"">",củ cải trắng mài nhuyễn,,,,,ĐẠI CĂN
炊く,たく,[sound:炊く.ogg],"<img src=""炊く.jpg"">",nấu cơm,ご飯の上手なたき方を知っていますか。,Bạn có biết cách nấu cơm ngon không?,Do you know how to cook rice well?,[sound:ご飯の上手なたき方を知っていますか.ogg],XUY
土鍋,どなべ,[sound:土鍋.ogg],"<img src=""土鍋.jpg"">",nồi đất,,,,,THỔ OA
漬物,つけもの,[sound:漬物.ogg],"<img src=""漬物.jpg"">",món ngâm chua,,,,,TÝ VẬT
端的,たんてき,[sound:端的.ogg],"<img src=""端的.jpg"">","trung trực, thẳng thắn",端的に言って、彼は首になったのだ。,"Nói một cách rõ ràng, anh ta đã bị sa thải.","To make a long story short, he was fired.",[sound:端的に言って、彼は首になったのだ.ogg],ĐOAN ĐÍCH
絶妙,ぜつみょう,[sound:絶妙.ogg],"<img src=""絶妙.jpg"">",tuyệt diệu,,,,,TUYỆT 
徹底,てってい,[sound:徹底.ogg],"<img src=""徹底.jpg"">",triệt để,生産性はオートメーションの徹底によって向上する。,Hiệu suất sản xuất được cải thiện thông qua sự tự động hoá toàn diện.,Production improves by becoming more automatic.,[sound:生産性はオートメーションの徹底によって向上する.ogg],TRIỆT ĐỂ
生臭い,なまぐさい,[sound:生臭い.ogg],,hôi tanh (cá),,,,,SINH XÚ
生身,なまみ,[sound:生身.ogg],,"phần thịt, cá sống, tươi sống",,,,,SINH THÂN
合間,あいま,[sound:合間.ogg],"<img src=""合間.jpg"">",thời gian giữa (hai việc gì đó),勉強の合間に私はテレビをみた。,"Trong lúc học, tôi đã xem TV.",I watched television during a break in my studies.,[sound:勉強の合間に私はテレビをみた.ogg],"HỢP,CÁP "
ガレージ,ガレージ,[sound:ガレージ.ogg],"<img src=""ガレージ.jpg"">","ga-ra, nhà để ô tô",父はガレージを掃除している。,Cha tôi đang dọn dẹp gara.,My father is sweeping the garage.,[sound:父はガレージを掃除している.ogg],
コントラスト,コントラスト,[sound:コントラスト.ogg],"<img src=""コントラスト.jpg"">","sự tương phản, sự trái ngược",その洋服は赤と白のコントラストが美しい。,Bộ quần áo đó có sự tương phản đẹp giữa màu đỏ và trắng.,The dress has a beautiful contrast between red and white.,[sound:その洋服は赤と白のコントラストが美しい.ogg],
誂える,あつらえる,[sound:誂える.ogg],,"đặt thợ làm (quần áo, giày dép…)",私はデパートでオーバーをあつらえた。,Tôi đã đặt may một chiếc áo khoác dài ở cửa hàng lớn.,I ordered my overcoat from a department store.,[sound:私はデパートでオーバーをあつらえた.ogg],
操る,あやつる,[sound:操る.ogg],"<img src=""操る.jpg"">","thao tác, điều khiển",儲けようとする投機筋に操られているのです。,Tôi đang bị kiểm soát bởi những người mưu lợi muốn kiếm lời.,It's being manipulated by investors trying to make it rich.,[sound:儲けようとする投機筋に操られているのです.ogg],"THAO,THÁO"
鬱陶しい,うっとうしい,[sound:鬱陶しい.ogg],"<img src=""鬱陶しい.jpg"">","tối tăm, u ám, ảm đạm, u sầu",毎日うっとうしくていやですね。,"Mỗi ngày đều khó chịu và không thích, phải không?",,[sound:毎日うっとうしくていやですね.ogg],UẤT ĐÀO
婉曲,えんきょく,[sound:婉曲.ogg],,"(nói) bóng gió, ẩn ý",,,,,UYỂN KHÚC
円満,えんまん,[sound:円満.ogg],,viên mãn,争議は円満に解決した。,Tranh chấp đã được giải quyết một cách êm đẹp.,The dispute was settled peacefully.,[sound:争議は円満に解決した.ogg],VIÊN MÃN
臆病,おくびょう,[sound:臆病.ogg],"<img src=""臆病.jpg"">",sự nhát gan,彼がああ臆病だとは思わなかった。,Tôi không nghĩ rằng anh ấy lại nhát gan như vậy.,I did not think he was so timid.,[sound:彼がああ臆病だとは思わなかった.ogg],ỨC 
煽てる,おだてる,[sound:煽てる.ogg],,"tâng bốc, xu nịnh",まず彼をおだてておいたほうがいいですよ。,Bạn nên tâng bốc anh ấy trước đã.,You had better try buttering him up first.,[sound:まず彼をおだてておいたほうがいいですよ.ogg],
おどおど,オドオド,[sound:おどおど.ogg],,run rẩy,その来たばかりの子はおどおどして口ごもった。,Đứa trẻ mới đến đang lúng túng và nói lắp bắp.,The new boy had a nervous stammer.,[sound:その来たばかりの子はおどおどして口ごもった.ogg],
似通う,にかよう,[sound:似通う.ogg],,"giống nhau (khuôn mặt, hình dáng…)",あなたと私の悩みは似通っている。,Sự lo lắng của bạn và tôi giống nhau.,Your problem and mine are similar.,[sound:あなたと私の悩みは似通っている.ogg],TỰ 
清らか,きよらか,[sound:清らか.ogg],"<img src=""清らか.jpg"">","trong xanh, trong lành",,,,,
滑らか,なめらか,[sound:滑らか.ogg],"<img src=""滑らか.jpg"">","mềm mại, mượt mà, mịn màng",海は穏やかに、そしてなめらかに見える。,Biển trông yên bình và mịn màng.,The sea looks calm and smooth.,[sound:海は穏やかに、そしてなめらかに見える.ogg],HOẠT
抜け出す,ぬけだす,[sound:抜け出す.ogg],,"lấy ra, tháo ra, rút ra",あ、みんなには内緒だよ？寮を夜中に抜け出すのは厳罰だからね？,"À, giữ bí mật với mọi người nhé? Thoát khỏi ký túc xá vào giữa đêm sẽ bị xử phạt nghiêm khắc đó.","Oh, that's a secret, OK? Because slipping out of the dorm in the night is severely punished.",[sound:あ、みんなには内緒だよ？寮を夜中に抜け出すのは厳罰だからね？.ogg],BẠT XUẤT
人情,にんじょう,[sound:人情.ogg],"<img src=""人情.jpg"">",nhân tình,隣近所に対して見栄を張るのは人情ですよ。,Khoe khoang trước hàng xóm là tình cảm của con người đấy.,It's only natural to keep up with the Joneses.,[sound:隣近所に対して見栄を張るのは人情ですよ.ogg],NHÂN TÌNH
根回し,ねまわし,[sound:根回し.ogg],,bứng gốc (cây),大統領は辞任する前にお金に困らないように根回しした。,Tổng thống đã chuẩn bị sẵn tiền trước khi từ chức để không gặp khó khăn về tài chính.,The president made certain that he lined his pockets before he resigned.,[sound:大統領は辞任する前にお金に困らないように根回しした.ogg],CĂN HỒI
望ましい,のぞましい,[sound:望ましい.ogg],"<img src=""望ましい.jpg"">","đáng ao ước, đáng mong đợi, hi vọng",その会合には出席されることが望ましい。,Mong muốn rằng ai đó có thể tham dự cuộc họp đó.,It is desirable that you should attend the meeting.,[sound:その会合には出席されることが望ましい.ogg],VỌNG
拝借,はいしゃく,[sound:拝借.ogg],,,ちょっと知恵を拝借ねがえませんか。,Xin mượn chút khôn ngoan của bạn được không?,Could you give me some advice?,[sound:ちょっと知恵を拝借ねがえませんか.ogg],BÁI 
配列,はいれつ,[sound:配列.ogg],"<img src=""配列.jpg"">","sắp xếp, xếp hàng",,,,,PHỐI LIỆT
迫害,はくがい,[sound:迫害.ogg],"<img src=""迫害.jpg"">","khủng bố, ngược đãi, hành hạ",ローマ人はキリスト教徒を迫害した。,Người La Mã đã hành hạ người theo Kitô giáo.,The Romans persecuted Christians.,[sound:ローマ人はキリスト教徒を迫害した.ogg],BÁCH HẠI
初耳,はつみみ,[sound:初耳.ogg],,"mới nghe lần đầu, lần đầu tiên nghe",初耳ですね。,Nghe lần đầu đó à.,This is the first time I heard about it.,[sound:初耳ですね.ogg],SƠ NHĨ
阻む,はばむ,[sound:阻む.ogg],,"cản trở, gây trở ngại",彼らは大きな川に前進を阻まれた。,Họ bị ngăn cản tiến lên bởi một con sông lớn.,Their progress was stopped by a wide river.,[sound:彼らは大きな川に前進を阻まれた.ogg],TRỞ
万能,ばんのう,[sound:万能.ogg],"<img src=""万能.jpg"">",vạn năng,もちろん万能ではないからといって価値がないわけではないから、ＧＴＤはダメということにはならない。,"Tất nhiên, việc nó không phải là một phương pháp đa năng không có giá trị, nên không có nghĩa là GTD là không tốt.","Of course you can't say that it's worth nothing because it isn't perfect, so that doesn't mean that GTD is useless.",[sound:もちろん万能ではないからといって価値がないわけではないから、ＧＴＤはダメということにはならない.ogg],VẠN NĂNG
びっしょり,びっしょり,[sound:びっしょり.ogg],,"ướt chèm nhẹp, ướt tơi tả",彼女の顔は汗でびっしょりだった。,Khuôn mặt cô ấy ướt đẫm mồ hôi.,Her face was drenched with sweat.,[sound:彼女の顔は汗でびっしょりだった.ogg],
匹敵,ひってき,[sound:匹敵.ogg],,"ngang tài, ngang sức",あなたは知力で彼に匹敵している。,Bạn ngang tài với anh ấy về trí tuệ.,You are equal to him in intelligence.,[sound:あなたは知力で彼に匹敵している.ogg],THẤT ĐỊCH
ひょっとしたら,ひょっとしたら,[sound:ひょっとしたら.ogg],,"nói không chừng thì…, không chừng thì…",彼の予言は、ひょっとしたら的中するかもしれない。,"Tiên tri của anh ấy, có thể là sẽ chính xác.",His prediction might come true.,[sound:彼の予言は、ひょっとしたら的中するかもしれない.ogg],
物議,ぶつぎ,[sound:物議.ogg],"<img src=""物議.jpg"">","chuyện ầm ĩ, xôn xao bàn tán, chuyện bị lên án",その作品が画壇に大いに物議をかもした。,Tác phẩm đó đã gây nhiều tranh cãi trong giới họa sĩ.,This artwork excited much controversy in the world of art.,[sound:その作品が画壇に大いに物議をかもした.ogg],VẬT NGHỊ
踏まえる,ふまえる,[sound:踏まえる.ogg],,"giẫm lên, đạp lên, lấy làm cơ sở, lấy làm tiền đề (nghĩa bóng)",この段階を踏まえ、抑圧という概念をさらに詳細に検証していくことになります。,"Dựa vào giai đoạn này, chúng ta sẽ tiếp tục kiểm tra và xác minh khái niệm đàn áp một cách chi tiết hơn.",From this point we go on to an even more detailed examination of the concept of repression.,[sound:この段階を踏まえ、抑圧という概念をさらに詳細に検証していくことになります.ogg],ĐẠP
ふんだん,ふんだん,[sound:ふんだん.ogg],"<img src=""ふんだん.jpg"">","dư thừa, quá nhiều",,,,,
茫然,ぼうぜん,[sound:茫然.ogg],"<img src=""茫然.jpg"">","conjugation thờ người ra, ngẩn người ra",,,,,MANG NHIÊN
ぼやく,ぼやく,[sound:ぼやく.ogg],,"phàn nàn, càm ràm",,,,,
正しく,まさしく,[sound:正しく.ogg],"<img src=""正しく.jpg"">",một cách đúng đắn,彼女はまさしく支払わされたのだ。,Cô ấy đã bị buộc phải trả tiền.,She was jolly well made to pay.,[sound:彼女はまさしく支払わされたのだ.ogg],CHÍNH
まちまち,まちまち,[sound:まちまち.ogg],,"mỗi cái mỗi khác, mỗi người mỗi khác",その件について彼らの意見はまちまちだ。,Ý kiến của họ về vấn đề đó là khác nhau.,Their views vary on the subject.,[sound:その件について彼らの意見はまちまちだ.ogg],
丸める,まるめる,[sound:丸める.ogg],,"vo tròn, cuộn tròn",より寒い日には、体を丸めたり、雪の中に穴を掘ったりする。,"Trong những ngày lạnh hơn, chúng ta gập người lại hoặc đào lỗ trong tuyết.","On colder days, they curl up or dig a hole in the snow.",[sound:より寒い日には、体を丸めたり、雪の中に穴を掘ったりする.ogg],HOÀN
身の回り,みのまわり,[sound:身の回り.ogg],"<img src=""身の回り.jpg"">",xung quanh mình,これはみんな身の回り品ですか。,Có phải đây là các đồ đạc cá nhân của mọi người không?,Are these all your belongings?,[sound:これはみんな身の回り品ですか.ogg],THÂN HỒI
無茶,むちゃ,[sound:無茶.ogg],"<img src=""無茶.jpg"">","vô lý, quá đáng, lố bịch",無茶しなければよかった。,Nếu không hành động quá đáng thì tốt rồi.,I shouldn't have overdone it.,[sound:無茶しなければよかった.ogg], 
無闇に,むやみに,[sound:無闇に.ogg],,"một cách mù quáng, một cách thiếu suy nghĩ",むやみに自殺を否定しようとは思いませんが、親が子どもを道連れにするのはぜったいにやめてほしい、と思います。,"Tôi không nghĩ rằng chúng ta nên phủ nhận tự sát một cách vô tội, nhưng tôi muốn nói rằng cha mẹ tuyệt đối không nên kéo theo con cái.","I don't intend to flatly reject suicide, but I really wish parents would not make their children join in with them.",[sound:むやみに自殺を否定しようとは思いませんが、親が子どもを道連れにするのはぜったいにやめてほしい、と思います.ogg], ÁM
相場,そうば,[sound:相場.ogg],"<img src=""相場.jpg"">","giá cả nhìn chung, giá cả thị trường",そこ知らずの相場だ。,Đó là giá không biết đến.,The bottom has fallen out of the market.,[sound:そこ知らずの相場だ.ogg],"TƯƠNG,TƯỚNG TRƯỜNG"
即する,そくする,[sound:即する.ogg],"<img src=""即する.jpg"">","vừa khớp, vừa khít, đúng chính xác",彼の伝記は全くの事実に即して書かれたものだ。,Cuộc đời anh ấy được viết dựa trên sự thật tuyệt đối.,His biography is quite true to life.,[sound:彼の伝記は全くの事実に即して書かれたものだ.ogg],
新築,しんちく,[sound:新築.ogg],"<img src=""新築.jpg"">",nhà mới xây,家を新築中です。,Tôi đang xây nhà mới.,I'm getting a new house built.,[sound:家を新築中です.ogg],TÂN TRÚC
圏,けん,[sound:圏.ogg],"<img src=""圏.jpg"">","khu, vùng",彼女のイントネーションから推すに少女時代はスペイン語圏に住んでいたと思われる。,"Dựa trên giọng điệu của cô ấy, có thể nghĩ rằng cô ấy đã sống ở khu vực nói tiếng Tây Ban Nha khi còn là một cô gái.",You can tell by her intonation that she lived in a Spanish speaking country when she was young.,[sound:彼女のイントネーションから推すに少女時代はスペイン語圏に住んでいたと思われる.ogg],QUYỀN
キャンペーン,キャンペーン,[sound:キャンペーン.ogg],"<img src=""キャンペーン.jpg"">",đợt khuyến mãi,そのキャンペーンは、彼を驚かせた。,Chiến dịch đó đã làm anh ấy ngạc nhiên.,The campaign took his breath.,[sound:そのキャンペーンは、彼を驚かせた.ogg],
リフォーム,リフォーム,[sound:リフォーム.ogg],"<img src=""リフォーム.jpg"">",sửa nhà lại cho mới,うちのマンションも古くなったから、リフォームして気分を換えるか。,"Căn hộ của chúng tôi cũ đi, vì vậy liệu chúng tôi có thể nâng cấp và thay đổi không gian không?",This condo is getting old. Why don't we redecorate to give it a fresh feel?,[sound:うちのマンションも古くなったから、リフォームして気分を換えるか.ogg],
限界,げんかい,[sound:限界.ogg],"<img src=""限界.jpg"">",mức giới hạn,あらゆるものに限界がある。,Mọi thứ đều có giới hạn của nó.,There is a limit to everything.,[sound:あらゆるものに限界がある.ogg],HẠN CõiĐời
立地,りっち,[sound:立地.ogg],"<img src=""立地.jpg"">","vị trí, nơi, chỗ",,,,,LẬP 
差し支える,さしつかえる,[sound:差し支える.ogg],,"gây trở ngại, gây tổn hại",,,,, CHI
内覧,ないらん,[sound:内覧.ogg],"<img src=""内覧.jpg"">",xem bên trong,,,,,NỘI 
身だしなみ,みだしなみ,[sound:身だしなみ.ogg],"<img src=""身だしなみ.jpg"">",sự chỉnh chu (vẻ ngoài),朝は洗顔はもちろん身だしなみを整えてからここに集まるんだ。,"Buổi sáng, chúng ta sẽ tập trung tại đây sau khi rửa mặt và chuẩn bị về ngoại hình.","Obviously wash your face, but you must also take care of your appearance before assembling here.",[sound:朝は洗顔はもちろん身だしなみを整えてからここに集まるんだ.ogg],THÂN
表情,ひょうじょう,[sound:表情.ogg],"<img src=""表情.jpg"">","biểu cảm, sự thể hiện tình cảm",彼の頭がさっと怒りの表情に変わるのを見た。,Tôi đã thấy cách cái đầu của anh ấy nhanh chóng chuyển đổi thành biểu cảm tức giận.,I saw his face switch to anger.,[sound:彼の頭がさっと怒りの表情に変わるのを見た.ogg], TÌNH
用心,ようじん,[sound:用心.ogg],"<img src=""用心.jpg"">","sự cẩn thận, đề phòng, lo trước",火には、用心しなさい。,Hãy cẩn thận với lửa.,Be on your guard against fire.,[sound:火には、用心しなさい.ogg],DỤNG TÂM
プランター,プランター,[sound:プランター.ogg],"<img src=""プランター.jpg"">","chậu để trồng hoa, rau",,,,,
投資,とうし,[sound:投資.ogg],"<img src=""投資.jpg"">",đầu tư,彼は自分のお金を株に投資した。,Anh ấy đã đầu tư tiền của mình vào cổ phiếu.,He invested his money in stocks.,[sound:彼は自分のお金を株に投資した.ogg],ĐẦU
気楽,きらく,[sound:気楽.ogg],"<img src=""気楽.jpg"">","nhẹ người, thoải mái",ほんの気楽なパーティーだった。,Đó chỉ là một buổi tiệc nhẹ nhàng.,It was only an informal party.,[sound:ほんの気楽なパーティーだった.ogg],"KHÍ LẠC,NHẠC"
編成,へんせい,[sound:編成.ogg],"<img src=""編成.jpg"">","tổ chức, sắp xếp",この列車は七両編成です。,Chuyến tàu này có 7 toa.,This train is made up of seven cars.,[sound:この列車は七両編成です.ogg],BIÊN THÀNH
則る,のっとる,[sound:則る.ogg],,"theo quy tắc, tuân thủ đúng quy tắc",利益追求に必死のブローカーは、必ずしもルールブックにのっとっているとは限らないのです。,Những nhà môi giới quyết tâm theo đuổi lợi nhuận không nhất thiết luôn tuân thủ sách quy tắc.,Brokers struggling to make a profit don't always play by the book.,[sound:利益追求に必死のブローカーは、必ずしもルールブックにのっとっているとは限らないのです.ogg],
秘訣,ひけつ,[sound:秘訣.ogg],"<img src=""秘訣.jpg"">",bí quyết,おいしいジャムを作る秘訣を教えてください。,Hãy chỉ cho tôi bí quyết để làm mứt ngon.,Please tell me the secret to making good jam.,[sound:おいしいジャムを作る秘訣を教えてください.ogg], 
スーパーチェーン,スーパーチェーン,[sound:スーパーチェーン.ogg],,"dây chuyền, hệ thống siêu thị",,,,,
事例,じれい,[sound:事例.ogg],"<img src=""事例.jpg"">","trường hợp, hoàn cảnh, tình thế",これこそ適切な事例だと思う。,Tôi nghĩ đây chính là một ví dụ phù hợp.,I believe this is a case in point.,[sound:これこそ適切な事例だと思う.ogg], LIỆT
頭髪,とうはつ,[sound:頭髪.ogg],"<img src=""頭髪.jpg"">","đầu tóc, mái tóc",ぐはっ！？俺の貴重な頭髪を、むしるな！,Ôi trời ơi! Đừng cạo đầu quý giá của tôi!,O-oi!? Don't rip off my precious hair!,[sound:ぐはっ！？俺の貴重な頭髪を、むしるな！.ogg],ĐẦU 
趣旨,しゅし,[sound:趣旨.ogg],"<img src=""趣旨.jpg"">",tiêu chí,彼のスピーチの主旨を教えてください。,Hãy cho tôi biết ý chính của bài diễn thuyết của anh ấy.,Tell me the substance of his speech.,[sound:彼のスピーチの主旨を教えてください.ogg], CHỈ
絵馬,えま,[sound:絵馬.ogg],"<img src=""絵馬.jpg"">","tấm gỗ để viết lời cầu nguyện trong đền, chùa",,,,,HỘI 
縁起物,えんぎもの,[sound:縁起物.ogg],"<img src=""縁起物.jpg"">","vật mang điềm báo, vật để cầu nguyện",,,,,DUYÊN  VẬT
懲戒,ちょうかい,[sound:懲戒.ogg],"<img src=""懲戒.jpg"">","khiển trách, quở trách",,,,,TRỪNG GIỚI
役員,やくいん,[sound:役員.ogg],"<img src=""役員.jpg"">",người lãnh đạo,彼は役員の地位をねらっている。,Anh ấy đang nhắm đến vị trí nhân viên quản lý.,He is aiming for the directorship.,[sound:彼は役員の地位をねらっている.ogg], VIÊN
進級,しんきゅう,[sound:進級.ogg],"<img src=""進級.jpg"">",tiến cấp,,,,,"TIẾN,TẤN CẤP"
圧迫,あっぱく,[sound:圧迫.ogg],"<img src=""圧迫.jpg"">","sức ép, ép, áp lực, áp đảo",その政府は国民を圧迫した。,Chính phủ đó đã áp bức người dân.,The government oppressed the people.,[sound:その政府は国民を圧迫した.ogg],ÁP BÁCH
ぬいぐるみ,ぬいぐるみ,[sound:ぬいぐるみ.ogg],"<img src=""ぬいぐるみ.jpg"">",thú nhồi bông,その小さな女の子は泣いてクマのぬいぐるみを欲しがった。,Đứa bé nhỏ đó đã khóc và muốn có một con gấu bông.,The little girl was crying for the teddy bear.,[sound:その小さな女の子は泣いてクマのぬいぐるみを欲しがった.ogg],
相対,あいたい,[sound:相対.ogg],"<img src=""相対.jpg"">",tương đối,このため、会談の席の配置では米国と相対して座る場所を求めた。,"Vì vậy, trong việc sắp xếp chỗ ngồi tại cuộc họp, anh ấy đã yêu cầu ngồi đối diện với Hoa Kỳ.",So they sought a place such that the conference seating would have them facing the Americans.,[sound:このため、会談の席の配置では米国と相対して座る場所を求めた.ogg],"TƯƠNG,TƯỚNG ĐỐI"
失墜,しっつい,[sound:失墜.ogg],,"thất thế, mất uy thế",どんな理由があろうと、せっかく軌道に乗せた貿易を失墜させたのは大失態だ。,"Dù có lý do gì đi chăng nữa, việc làm sụp đổ thương mại mà chúng ta đã xây dựng một cách cẩn thận là một sự mất mát lớn.","Whatever the reason, forfeiting the trade that we finally got on track is a fiasco.",[sound:どんな理由があろうと、せっかく軌道に乗せた貿易を失墜させたのは大失態だ.ogg],THẤT TRỤY
紙くず,かみくず,[sound:紙くず.ogg],"<img src=""紙くず.jpg"">","giấy nháp, giấy bỏ",その部屋は紙くずだらけだった。,Căn phòng đó đầy rác thải giấy.,The room was littered with scraps of paper.,[sound:その部屋は紙くずだらけだった.ogg],CHỈ
打ち明ける,うちあける,[sound:打ち明ける.ogg],"<img src=""打ち明ける.jpg"">","bộc bạch, tâm sự, thổ lộ",私は彼に心配事を打ち明けた。,Tôi đã chia sẻ những lo lắng của mình với anh ấy.,I confided my troubles to him.,[sound:私は彼に心配事を打ち明けた.ogg],ĐẢ 
繊細,せんさい,[sound:繊細.ogg],"<img src=""繊細.jpg"">","mỏng manh, mảnh khảnh, chi tiết",非常に繊細な問題だ。,Đó là một vấn đề rất nhạy cảm.,It's a very delicate question.,[sound:非常に繊細な問題だ.ogg],TIỆM 
合併,がっぺい,[sound:合併.ogg],"<img src=""合併.jpg"">","liên doanh, liên kết",２社は合併を計画している。,Hai công ty đang lên kế hoạch sáp nhập.,The two companies plan to unite.,[sound:２社は合併を計画している.ogg],"HỢP,CÁP TÍNH"
灰汁,あく,[sound:灰汁.ogg],"<img src=""灰汁.jpg"">","bọt (khi nấu ăn hay có bọt của thịt, cá nổi lên trên)",４．煮え立たせる寸前で弱火にして、もう一度灰汁を取り除きます。,4. Hạ lửa xuống nhỏ và loại bỏ tro lửa khi nước sôi sùng sục.,"4. Just before bringing it to the boil, set to a low flame and remove the scum again.",[sound:４．煮え立たせる寸前で弱火にして、もう一度灰汁を取り除きます.ogg],HÔI CHẤP
永眠,えいみん,[sound:永眠.ogg],,"vĩnh miên, chết",彼女は就寝中安らかに永眠した。,Cô ấy đã mãi mãi an nghỉ trong giấc ngủ.,She passed away peacefully in her sleep.,[sound:彼女は就寝中安らかに永眠した.ogg],VĨNH MIÊN
寝転ぶ,ねころぶ,[sound:寝転ぶ.ogg],"<img src=""寝転ぶ.jpg"">","nằm thườn ra, nằm bẹp ra",兄は芝生に寝ころんで何時間も怠けて過ごしたものだった。,Anh trai tôi đã nằm nghỉ trên cỏ và lười biếng trong nhiều giờ.,My brother used to idle away many hours lying on the grass.,[sound:兄は芝生に寝ころんで何時間も怠けて過ごしたものだった.ogg],TẨM CHUYỂN
発揮,はっき,[sound:発揮.ogg],"<img src=""発揮.jpg"">",phát huy,この作家が本領を発揮しているのは短編小説だ。,Nhà văn này thể hiện tài năng của mình trong viết truyện ngắn.,This writer is at his best in his short stories.,[sound:この作家が本領を発揮しているのは短編小説だ.ogg],PHÁT HUY
生地,きじ,[sound:生地.ogg],"<img src=""生地.jpg"">","vải, chất liệu vải",生地を預ければドレスを仕立ててくれますか。,"Nếu tôi gửi vải cho bạn, bạn có thể may váy cho tôi không?",Will you make me up a dress if I give you the material?,[sound:生地を預ければドレスを仕立ててくれますか.ogg],SINH 
手織り,ており,[sound:手織り.ogg],"<img src=""手織り.jpg"">","may tay, may bằng tay",,,,,THỦ 
モール,モール,[sound:モール.ogg],"<img src=""モール.jpg"">","dải buộc, thanh viền",このモールの中にスーパーマーケットはありますか。,Trong trung tâm thương mại này có siêu thị không?,Is there a supermarket in this mall?,[sound:このモールの中にスーパーマーケットはありますか.ogg],
カウンター,カウンター,[sound:カウンター.ogg],"<img src=""カウンター.jpg"">","quầy hàng, kiểu bàn ngồi cao",あそこのカウンターでウイスキー飲んでいるヤツ、けっこう私のタイプだわ。,"Người đang uống whisky ở quầy đó, anh ta khá hợp với tôi.",See that guy over there at the counter drinking whisky? He's pretty much my type.,[sound:あそこのカウンターでウイスキー飲んでいるヤツ、けっこう私のタイプだわ.ogg],
ギフト券,ギフトけん,[sound:ギフト券.ogg],"<img src=""ギフト券.jpg"">","thẻ tặng quà, phiếu tặng quà",,,,,KHOÁN
累計,るいけい,[sound:累計.ogg],"<img src=""累計.jpg"">","lũy kế, hệ số",回収対象のソニー製充電池は累計で７６５万９０００個となった。,Tổng số pin Sony cần thu gom là 7.659.000 chiếc.,"The amount of Sony rechargeable batteries supposed to be collected totalled 7,659,000 units.",[sound:回収対象のソニー製充電池は累計で７６５万９０００個となった.ogg],KẾ
交換,こうかん,[sound:交換.ogg],"<img src=""交換.jpg"">","trao đổi, đổi",あなたと席を交換しよう。,Hãy đổi chỗ với anh.,Let me exchange seats with you.,[sound:あなたと席を交換しよう.ogg],GIAO HOÁN
鮮やか,あざやか,[sound:鮮やか.ogg],"<img src=""鮮やか.jpg"">","rực rỡ, nhiều màu sắc",月は鮮やかに輝いていた。,Mặt trăng sáng rực rỡ.,The moon was shining brightly.,[sound:月は鮮やかに輝いていた.ogg],TIÊN
予め,あらかじめ,[sound:予め.ogg],"<img src=""予め.jpg"">","trước, (làm) trước, (chuẩn bị) trước",私たちはあらかじめスナックを用意しておいた。,Chúng tôi đã chuẩn bị snack trước.,We prepared snacks beforehand.,[sound:私たちはあらかじめスナックを用意しておいた.ogg],DỰ
暗示,あんじ,[sound:暗示.ogg],"<img src=""暗示.jpg"">",ám chỉ,彼の言葉は何を暗示しているのか。,Lời của anh ta ám chỉ điều gì?,What do his words imply?,[sound:彼の言葉は何を暗示しているのか.ogg],ÁM THỊ
粋,いき,[sound:粋.ogg],"<img src=""粋.jpg"">","thanh nhã, lịch sự, khéo léo",今日の格好はとっても粋ですね。,Diện mạo hôm nay rất lịch thiệp phải không?,You're looking snappy today.,[sound:今日の格好はとっても粋ですね.ogg],TÚY
一概に,いちがいに,[sound:一概に.ogg],,"1 cách phóng khoáng, cứ…",そうですね。一概には言えませんね。,Đúng vậy. Không thể nói chung rằng điều đó đúng hay không.,"Yes, well, that depends.",[sound:そうですね一概には言えませんね.ogg],NHẤT KHÁI
一括,いっかつ,[sound:一括.ogg],,"gom lại một lần, trả gọn một lần (tiền)",それらの議題は一括して取り上げられた。,Những vấn đề đó đã được đề cập tổng quát.,Those agenda items were taken up en bloc for discussion.,[sound:それらの議題は一括して取り上げられた.ogg],NHẤT QUÁT
一連,いちれん,[sound:一連.ogg],"<img src=""一連.jpg"">","một loạt, một chuỗi",彼らは一連の音楽会を開催した。,Họ đã tổ chức một loạt buổi hòa nhạc.,They gave a series of concerts.,[sound:彼らは一連の音楽会を開催した.ogg],NHẤT LIÊN
虚ろ,うつろ,[sound:虚ろ.ogg],"<img src=""虚ろ.jpg"">","rỗng, trống",洞窟からうつろに反響する音を耳にした。,Tôi nghe thấy âm thanh vang lên từ hang động.,We heard somber hollow sounds from the cave.,[sound:洞窟からうつろに反響する音を耳にした.ogg],HƯ
潤う,うるおう,[sound:潤う.ogg],"<img src=""潤う.jpg"">","trơn, nhờn, ẩm ướt",,,,,NHUẬN
うんざり,うんざり,[sound:うんざり.ogg],"<img src=""うんざり.jpg"">",chán ngấy,あの子にはうんざりする。,Tôi chán ngấy con bé đó.,The kid is a pain in the neck.,[sound:あの子にはうんざりする.ogg],
大まか,おおまか,[sound:大まか.ogg],"<img src=""大まか.jpg"">","đại khái, khoảng",警察官はその少女に、いなくなった犬の大まかな絵を描くように求めた。,Cảnh sát yêu cầu cô gái vẽ một bức tranh tóm lược về con chó đã mất tích.,The police asked the girl to make a rough sketch of her lost dog.,[sound:警察官はその少女に、いなくなった犬の大まかな絵を描くように求めた.ogg],ĐẠI
自ずから,おのずから,[sound:自ずから.ogg],,tự bản thân,油断なく注意さえしておれば好機はおのずからうまれる。,"Nếu ta cẩn thận và chú ý mà không chủ quan, cơ hội tốt sẽ tự nảy sinh.","Plenty of opportunities will present themselves, if only you are awake to them.",[sound:油断なく注意さえしておれば好機はおのずからうまれる.ogg],
害する,がいする,[sound:害する.ogg],"<img src=""害する.jpg"">","gây hại, gây tổn hại",その気候で健康を害した。,Tôi đã bị ảnh hưởng đến sức khỏe bởi khí hậu đó.,The climate affected his health.,[sound:その気候で健康を害した.ogg],HẠI
妨害,ぼうがい,[sound:妨害.ogg],"<img src=""妨害.jpg"">","cản trở, gây trở ngại",彼は私たちの会話を妨害した。,Anh ta đã làm gián đoạn cuộc trò chuyện của chúng tôi.,He broke in on our conversation.,[sound:彼は私たちの会話を妨害した.ogg],PHƯƠNG HẠI
顔つき,かおつき,[sound:顔つき.ogg],,nét mặt,彼は怒った顔つきで外へでてきた。,Anh ta bước ra ngoài với vẻ mặt tức giận.,He came out with an angry face.,[sound:彼は怒った顔つきで外へでてきた.ogg],NHAN
介入,かいにゅう,[sound:介入.ogg],"<img src=""介入.jpg"">","xen vào, can thiệp",このテーマに関するほとんどの研究では、立法府の介入が悪影響をもたらしたということが示されている。,Hầu hết các nghiên cứu về chủ đề này đã chỉ ra sự can thiệp của cơ quan lập pháp đã gây ra tác động tiêu cực.,It has been shown in most studies on this subject that intervention of the legislature had adverse effects.,[sound:このテーマに関するほとんどの研究では、立法府の介入が悪影響をもたらしたということが示されている.ogg],GIỚI NHẬP
格差,かくさ,[sound:格差.ogg],"<img src=""格差.jpg"">",sự phân biệt giàu nghèo,裕福な人々と貧しい人々との格差はますます広がっている。,Khoảng cách giữa những người giàu và người nghèo đang ngày càng gia tăng.,The gap between rich and poor is getting wider.,[sound:裕福な人々と貧しい人々との格差はますます広がっている.ogg],CÁCH 
微か,かすか,[sound:微か.ogg],"<img src=""微か.jpg"">","nhỏ nhặt, bé nhỏ",すぐそばでかすかな音がした。,Tôi nghe thấy tiếng rì rầm nhẹ ngay bên cạnh.,I heard a faint sound nearby.,[sound:すぐそばでかすかな音がした.ogg],VI
庇う,かばう,[sound:庇う.ogg],,"bênh vực, bao che",世間の非難から僕をかばってくれませんか。,Bạn có thể bảo vệ tôi khỏi sự chỉ trích của thế giới không?,Will you screen me from public censure?,[sound:世間の非難から僕をかばってくれませんか.ogg],TÝ
還元,かんげん,[sound:還元.ogg],"<img src=""還元.jpg"">","thu hồi, quay trở về",ゲイツ会長、広告収入をユーザーに還元する意向表明。,Chủ tịch Gates tuyên bố ý định hoàn trả thu nhập quảng cáo cho người dùng.,Bill Gates announces intent to return advertising revenue to the users.,[sound:ゲイツ会長、広告収入をユーザーに還元する意向表明.ogg],HOÀN NGUYÊN
換算,かんさん,[sound:換算.ogg],"<img src=""換算.jpg"">",chuyển đổi (tiền tệ),あなたは何でも金に換算して考えない方がよい。,Bạn nên không nghĩ mọi thứ chỉ dựa trên tiền bạc.,You had better not think of everything in terms of money.,[sound:あなたは何でも金に換算して考えない方がよい.ogg],HOÁN TOÁN
頑丈,がんじょう,[sound:頑丈.ogg],"<img src=""頑丈.jpg"">","chắc chắn, bền vững",これは掛けるのにたいそう頑丈ないすだ。,Cái này là một cái ghế rất chắc chắn để treo.,This is a very sturdy chair to sit in.,[sound:これは掛けるのにたいそう頑丈ないすだ.ogg],NGOAN TRƯỢNG
兆し,きざし,[sound:兆し.ogg],"<img src=""兆し.jpg"">","dấu hiệu, điềm báo",その建物は老朽のきざしをみせている。,Tòa nhà đó đang cho thấy dấu hiệu lão hóa.,The building exhibits signs of dilapidation.,[sound:その建物は老朽のきざしをみせている.ogg],TRIỆU
生真面目,きまじめ,[sound:生真面目.ogg],,"đứng đắn, nghiêm túc, nghiêm chỉnh",彼女はきまじめな気質である。,Cô ấy có tính cách nghiêm túc.,She is a serious person.,[sound:彼女はきまじめな気質である.ogg],SINH CHÂN DIỆN MỤC
華奢,きゃしゃ,[sound:華奢.ogg],"<img src=""華奢.jpg"">","hoa hòe, lòe loẹt, sặc sỡ",踊り子達は白いドレスを着てきゃしゃに見えますが、実際には彼女たちは馬のように力強いのです。,"Những vũ công trông rất duyên dáng trong chiếc váy trắng, nhưng thực tế, họ rất mạnh mẽ như ngựa.","The dancers look delicate in their white dresses, but they are really as strong as horses.",[sound:踊り子達は白いドレスを着てきゃしゃに見えますが、実際には彼女たちは馬のように力強いのです.ogg],HOA XA
馬鹿馬鹿しい,ばかばかしい,[sound:馬鹿馬鹿しい.ogg],,"thật nực cười, thật ngu xuẩn",ばかばかしいとしか言いようがない。,Chẳng còn cách nào khác ngoài việc nói rằng điều đó ngớ ngẩn.,It is neither more nor less than absurd.,[sound:ばかばかしいとしか言いようがない.ogg],   
好ましい,このましい,[sound:好ましい.ogg],"<img src=""好ましい.jpg"">","rất được ưa thích, thích thú",この映画は、子供に好ましくない影響を与えるかもしれない。,Bộ phim này có thể gây ảnh hưởng không tốt đối với trẻ em.,This movie may have an undesirable influence on children.,[sound:この映画は、子供に好ましくない影響を与えるかもしれない.ogg],HẢO
剥げる,はげる,[sound:剥げる.ogg],"<img src=""剥げる.jpg"">",tróc ra,壁からペンキが剥げ始めていた。,Sơn trên tường đã bắt đầu bong tróc.,The paint was coming off the wall.,[sound:壁からペンキが剥げ始めていた.ogg],BÁC
はらはら,ハラハラ,[sound:はらはら.ogg],"<img src=""はらはら.jpg"">",căng thẳng vì lo sợ / (lá) rơi đầy,私ははらはらしながら結果を待っていました。,Tôi đang lo lắng và háo hức đợi kết quả.,I have been waiting for the results with anxiety.,[sound:私ははらはらしながら結果を待っていました.ogg],
ひいては,ひいては,[sound:ひいては.ogg],,chỉ vì,,,,,
日取り,ひどり,[sound:日取り.ogg],"<img src=""日取り.jpg"">","chọn ngày, quyết định ngày",彼らは結婚式の日取りを繰り上げた。,Họ đã thay đổi ngày tổ chức đám cưới sớm hơn.,They advanced the wedding date.,[sound:彼らは結婚式の日取りを繰り上げた.ogg],NHẬT THỦ
日向,ひなた,[sound:日向.ogg],"<img src=""日向.jpg"">","hướng nắng tốt, nơi có nắng chiếu tốt",その子供は、ひなたで横になって眠っていた。,Đứa trẻ đó đang nằm nghỉ ngơi dọc theo ánh nắng mặt trời.,He was lying asleep in the sun.,[sound:その子供は、ひなたで横になって眠っていた.ogg],NHẬT HƯỚNG
コンクール,コンクール,[sound:コンクール.ogg],"<img src=""コンクール.jpg"">",cuộc thi,ピアノ・コンクールで私が第１位になるなんて夢想だにしなかった。,Tôi chưa từng mơ rằng mình sẽ đạt vị trí số 1 trong cuộc thi piano.,Never did I dream that I would take first place in the piano contest.,[sound:ピアノ・コンクールで私が第１位になるなんて夢想だにしなかった.ogg],
イラスト,イラスト,[sound:イラスト.ogg],"<img src=""イラスト.jpg"">",tranh vẽ,有難くも、10000hit越えのお祝いイラストを頂いてしまいました！本当にかたじけないです。,Tôi rất biết ơn khi nhận được bức hình chúc mừng vượt quá 10.000 lượt xem! Thật sự không thể đủ biết ơn.,"I'm very lucky to have been gifted with this 10,000 hit picture! Thank you so very much.",[sound:有難くも、10000hit越えのお祝いイラストを頂いてしまいました！本当にかたじけないです.ogg],
和傘,わがさ,[sound:和傘.ogg],"<img src=""和傘.jpg"">",dù kiểu Nhật,,,,,HÒA 
コントラスト,コントラスト,[sound:コントラスト.ogg],"<img src=""コントラスト.jpg"">",tương phản,その洋服は赤と白のコントラストが美しい。,Bộ quần áo đó có sự tương phản đẹp giữa màu đỏ và trắng.,The dress has a beautiful contrast between red and white.,[sound:その洋服は赤と白のコントラストが美しい.ogg],
審査員,しんさいん,[sound:審査員.ogg],"<img src=""審査員.jpg"">",giám khảo,その学生は、自分の弁論に対して審査員が批判的に述べたことをひどく気にした。,Học sinh đó rất bận tâm vì những phê phán mà giám khảo đưa ra về bài diễn thuyết của mình.,The student took to heart the judge's critical comments on his speech.,[sound:その学生は、自分の弁論に対して審査員が批判的に述べたことをひどく気にした.ogg],THẨM TRA VIÊN
表彰式,ひょうしょうしき,[sound:表彰式.ogg],"<img src=""表彰式.jpg"">",lễ phát bằng khen,表彰式？表彰台？のポディウムの綴りを教えてください。,"Xin hãy cho tôi biết cách viết chính xác của từ ""bục trao giải"" trong tiếng Nhật.",Awards ceremony podium? Victory stand podium? Please tell me the correct spelling.,[sound:表彰式？表彰台？のポディウムの綴りを教えてください.ogg], CHƯƠNG THỨC
イメージキャラクター,イメージキャラクター,[sound:イメージキャラクター.ogg],"<img src=""イメージキャラクター.jpg"">","nhân vật mẫu, tượng trưng",,,,,
頑固,がんこ,[sound:頑固.ogg],"<img src=""頑固.jpg"">",cứng đầu,彼は性質が頑固だ。,Anh ấy có tính cách cứng đầu.,He is obstinate in disposition.,[sound:彼は性質が頑固だ.ogg],NGOAN CỐ
願書,がんしょ,[sound:願書.ogg],,đơn xin,あなたの願書に最近の写真を貼りなさい。,Hãy dán ảnh gần đây vào đơn xin của bạn.,Attach a recent photograph to your application form.,[sound:あなたの願書に最近の写真を貼りなさい.ogg],NGUYỆN THƯ
トリミング,トリミング,[sound:トリミング.ogg],"<img src=""トリミング.jpg"">",,,,,,
スケッチ,スケッチ,[sound:スケッチ.ogg],"<img src=""スケッチ.jpg"">",vẽ phong cảnh,次郎は富士山をスケッチした。,Jiro đã vẽ phác thảo núi Phú Sĩ.,Jiro made a sketch of Mt. Fuji.,[sound:次郎は富士山をスケッチした.ogg],
ナンセンス,ナンセンス,[sound:ナンセンス.ogg],"<img src=""ナンセンス.jpg"">",không có ý nghĩa,それは、いくぶんナンセンスな趣きの楽しさがあった。,Điều đó mang lại một chút niềm vui hài hước.,It was a delightful bit of nonsense.,[sound:それは、いくぶんナンセンスな趣きの楽しさがあった.ogg],
ファイル,ファイル,[sound:ファイル.ogg],"<img src=""ファイル.jpg"">",,このファイルは削除して下さい。,Hãy xóa tệp này đi.,Please delete this file.,[sound:このファイルは削除して下さい.ogg],
定義,ていぎ,[sound:定義.ogg],"<img src=""定義.jpg"">",định nghĩa,定義するのが難しい語もある。,Có những từ khó định nghĩa.,Some words are hard to define.,[sound:定義するのが難しい語もある.ogg], NGHĨA
金銭,きんせん,[sound:金銭.ogg],"<img src=""金銭.jpg"">",tiền bạc,金銭のことで彼と争いになった。,Tôi đã tranh cãi với anh ấy về tiền bạc.,I had a quarrel with him over money.,[sound:金銭のことで彼と争いになった.ogg], 
天才,てんさい,[sound:天才.ogg],"<img src=""天才.jpg"">",tài năng,私たちは彼を天才だと思った。,Chúng tôi đã nghĩ rằng anh ấy là một thiên tài.,We thought of him as a genius.,[sound:私たちは彼を天才だと思った.ogg],THIÊN TÀI
英雄,えいゆう,[sound:英雄.ogg],"<img src=""英雄.jpg"">",anh hùng,英雄も従者にはただの人。,Ngay cả anh hùng cũng chỉ là người thường với người phục vụ.,No man is a hero to his valet.,[sound:英雄も従者にはただの人.ogg],ANH HÙNG
胸中,きょうちゅう,[sound:胸中.ogg],,trong lòng,私の胸中は悲喜こもごもだ。,Tâm trạng trong lòng tôi đan xen giữa niềm vui và nỗi buồn.,Joy and grief alternate in my breast.,[sound:私の胸中は悲喜こもごもだ.ogg],HUNG TRUNG
浮世絵,うきよえ,[sound:浮世絵.ogg],,tranh Ukiyo (tranh Phù Thế),,,,, THẾ HỘI
推察,すいさつ,[sound:推察.ogg],,suy đoán,彼の表情から本当に怒っているのだと推察した。,Tôi suy đoán anh ấy đang tức giận dựa trên biểu cảm của anh ấy.,I gathered from his expression that he was very angry.,[sound:彼の表情から本当に怒っているのだと推察した.ogg],"SUY,THÔI SÁT"
あからさま,あからさま,[sound:あからさま.ogg],,"không giấu diếm, rõ ràng",あからさまに言えば彼は嫌いだ。,"Nói thẳng ra, tôi ghét anh ấy.","Frankly, I don't like him.",[sound:あからさまに言えば彼は嫌いだ.ogg],
投げやり,なげやり,[sound:投げやり.ogg],,"làm ẩu tả, không đàng hoàng",彼はこの頃研究を投げやりにしている。,"Gần đây, anh ấy đã hờ hững trong nghiên cứu.",He is neglecting his research these days.,[sound:彼はこの頃研究を投げやりにしている.ogg],ĐẦU
ちらっと,ちらっと,[sound:ちらっと.ogg],"<img src=""ちらっと.jpg"">","liếc (nhìn), (nhìn) thoáng qua",私は彼女の顔をちらっと見かけた。,Tôi đã thoáng nhìn thấy gương mặt của cô ấy.,I caught a glimpse of her face.,[sound:私は彼女の顔をちらっと見かけた.ogg],
静まり返る,しずまりかえる,[sound:静まり返る.ogg],,im bặt,村は日没後静まり返っていた。,Ngôi làng yên lặng sau khi mặt trời lặn.,The village was dead after sunset.,[sound:村は日没後静まり返っていた.ogg],TĨNH PHẢN
気配,けはい,[sound:気配.ogg],"<img src=""気配.jpg"">",bóng dáng,秋の気配が感じられた。,Có cảm giác của mùa thu.,There was a hint of fall in the air.,[sound:秋の気配が感じられた.ogg],KHÍ PHỐI
ものづくり,,[sound:ものづくり.ogg],"<img src=""ものづくり.jpg"">",thủ công,「ソフトウェア開発」は「モノ作り」ではない。,"""Phát triển phần mềm"" không phải là ""chế tạo sản phẩm"".","""Software development"" isn't ""manufacture"".",[sound:「ソフトウェア開発」は「モノ作り」ではない.ogg],
コンパクト,コンパクト,[sound:コンパクト.ogg],"<img src=""コンパクト.jpg"">",nhỏ gọn,コンパクト型にはおしゃれなデザインが多いですね。,Có nhiều thiết kế thời trang cho loại hình nhỏ gọn.,"There are many smart designs among the compact models, aren't there?",[sound:コンパクト型にはおしゃれなデザインが多いですね.ogg],
モーター,モーター,[sound:モーター.ogg],"<img src=""モーター.jpg"">",động cơ,そのボートは動力にモーターを使用している。,Chiếc thuyền đó sử dụng động cơ làm nguồn điện.,The boat uses a motor for the power.,[sound:そのボートは動力にモーターを使用している.ogg],
パジャマ,パジャマ,[sound:パジャマ.ogg],"<img src=""パジャマ.jpg"">",áo ngủ,このパジャマはよく汗を吸収します。,Bộ đồ ngủ này thấm hút mồ hôi tốt.,These pajamas absorb sweat well.,[sound:このパジャマはよく汗を吸収します.ogg],
着心地,きごこち,[sound:着心地.ogg],"<img src=""着心地.jpg"">",cảm giác khi mặc,着心地はいかがですか。,Cảm giác khi mặc như thế nào?,How does it fit you?,[sound:着心地はいかがですか.ogg],TRƯỚC TÂM 
絹,きぬ,[sound:絹.ogg],"<img src=""絹.jpg"">",,この美しいドレスは絹で出来ている。,Chiếc váy đẹp này được làm từ lụa.,This beautiful dress is made of silk.,[sound:この美しいドレスは絹で出来ている.ogg],QUYÊN
廃材,はいざい,[sound:廃材.ogg],"<img src=""廃材.jpg"">",phế liệu,,,,,PHẾ TÀI
サイレン,サイレン,[sound:サイレン.ogg],"<img src=""サイレン.jpg"">", Siren (tên ma nữ trong thần thoại Hy lạp),葉子と私はサイレンが近くで止まるのを聞いて、何が起きたのかとすぐに飛び出していこうとした。,"Tôi và Yoko nghe thấy còi hú ngừng kêu gần đó, chúng tôi lập tức chạy ra xem điều gì đã xảy ra.","When Yoko and I heard the sirens stop nearby, we quickly decided to go check it out.",[sound:葉子と私はサイレンが近くで止まるのを聞いて、何が起きたのかとすぐに飛び出していこうとした.ogg],
矢先,やさき,[sound:矢先.ogg],,đầu mũi tên,叔父は新しい冒険的事業を始める矢先だ、と言っている。,Chú họ đang nói rằng ông ấy đang chuẩn bị bắt đầu một dự án mạo hiểm mới.,My uncle says he's about to embark on a new business venture.,[sound:叔父は新しい冒険的事業を始める矢先だ、と言っている.ogg],THỈ TIÊN
羨望,せんぼう,[sound:羨望.ogg],"<img src=""羨望.jpg"">",ganh tỵ,彼は友人たちの羨望の的であった。,Anh ấy là tâm điểm ghen tị của bạn bè.,He was the envy of his friends.,[sound:彼は友人たちの羨望の的であった.ogg], VỌNG
こみあげる,こみあげる,[sound:こみあげる.ogg],,dâng trào,,,,,
直立,ちょくりつ,[sound:直立.ogg],"<img src=""直立.jpg"">",đứng thẳng,,,,,TRỰC LẬP
電信柱,でんしんばしら,[sound:電信柱.ogg],"<img src=""電信柱.jpg"">",cột điện tín hiệu,,,,,ĐIỆN TÍN TRỤ
数え立てる,かぞえたてる,[sound:数え立てる.ogg],,đếm từng cái một,,,,, LẬP
単調,たんちょう,[sound:単調.ogg],"<img src=""単調.jpg"">","đều đều, đơn điệu",この話はちょっと単調だ。,Câu chuyện này hơi đơn điệu.,This story is rather monotonous.,[sound:この話はちょっと単調だ.ogg],ĐƠN ĐIỀU
赤らむ,あからむ,[sound:赤らむ.ogg],,đỏ lên,青白い彼の顔が興奮で赤らんだ。,Khuôn mặt xanh xao của anh ấy đỏ ửng do hưng phấn.,His pale face showed a flush of excitement.,[sound:青白い彼の顔が興奮で赤らんだ.ogg],XÍCH
隔離,かくり,[sound:隔離.ogg],"<img src=""隔離.jpg"">",cách ly,その伝染病患者は他の患者から隔離された。,Bệnh nhân mắc bệnh lây nhiễm đó đã được cách ly khỏi các bệnh nhân khác.,The infectious case was isolated from other patients.,[sound:その伝染病患者は他の患者から隔離された.ogg],CÁCH 
閑散,かんさん,[sound:閑散.ogg],"<img src=""閑散.jpg"">",yên tĩnh,その通りは１０時を過ぎると閑散としていた。,Đường đó đã trở nên vắng vẻ sau khi vượt qua 10 giờ.,The street was deserted after ten.,[sound:その通りは１０時を過ぎると閑散としていた.ogg], TÁN
当てはまる,あてはまる,[sound:当てはまる.ogg],,thích hợp,この規則は１年生には当てはまらない。,Quy tắc này không áp dụng cho sinh viên năm thứ nhất.,This rule doesn't apply to first-year students.,[sound:この規則は１年生には当てはまらない.ogg],ĐƯƠNG
懸念,けねん,[sound:懸念.ogg],"<img src=""懸念.jpg"">",chuyên tâm,世界の航空産業は墜落事故についての懸念を募らせている。,Ngành công nghiệp hàng không trên thế giới đang ngày càng lo ngại về các vụ tai nạn rơi máy bay.,The world's aviation industry is growing increasingly worried about crashes.,[sound:世界の航空産業は墜落事故についての懸念を募らせている.ogg],HUYỀN NIỆM
紙面,しめん,[sound:紙面.ogg],"<img src=""紙面.jpg"">",mặt giấy,その事件の説明は、紙面が足りないため割愛された。,Mô tả vụ việc đó đã được bỏ qua do không đủ không gian trên giấy.,The explanation of the event was omitted for lack of space.,[sound:その事件の説明は、紙面が足りないため割愛された.ogg],CHỈ DIỆN
活字,かつじ,[sound:活字.ogg],,con chữ trên máy đánh chữ (khuôn chữ),この大きな活字は眼に楽だ。,Chữ in to này rất dễ nhìn.,This large type is easy on the eyes.,[sound:この大きな活字は眼に楽だ.ogg],HOẠT TỰ
停留所,ていりゅうじょ,[sound:停留所.ogg],"<img src=""停留所.jpg"">",nơi dừng lại,バスの停留所まで競争しよう。,Hãy cạnh tranh đến trạm xe buýt.,I'll race you to the bus stop.,[sound:バスの停留所まで競争しよう.ogg],ĐÌNH LƯU SỞ
冒す,おかす,[sound:冒す.ogg],"<img src=""冒す.jpg"">","bất chấp, không màn đến",喫煙が彼の肺を冒した。,Hút thuốc đã làm tổn thương phổi của anh ấy.,Smoking has affected his lungs.,[sound:喫煙が彼の肺を冒した.ogg],
朗読,ろうどく,[sound:朗読.ogg],"<img src=""朗読.jpg"">",đọc lên thành tiếng,彼はその詩を一本調子で朗読した。,Anh ấy đã đọc thơ đó một cách đơn điệu.,He read the poem in a monotone.,[sound:彼はその詩を一本調子で朗読した.ogg],LÃNG ĐỘC
インテリ,インテリ,[sound:インテリ.ogg],,thành phần tri thức,あの本の読者たちは自分のことをインテリだと思っている。,Các độc giả của cuốn sách đó cho rằng họ là những người trí thức.,The readers of that book think themselves sophisticated.,[sound:あの本の読者たちは自分のことをインテリだと思っている.ogg],
瞑る,つぶる,[sound:瞑る.ogg],,nhắm (mắt),あまりに光が強いので彼女は目をつぶった。,"Vì ánh sáng quá mạnh, cô ấy đã nhắm mắt.",She shut her eyes because the light was so strong.,[sound:あまりに光が強いので彼女は目をつぶった.ogg],
手順,てじゅん,[sound:手順.ogg],"<img src=""手順.jpg"">",trình tự thao tác,windowXPにはＣＤを焼く機能があるそうですが、その手順を解説しているページを教えてください。,"Nghe nói rằng Windows XP có chức năng ghi đĩa CD, vui lòng chỉ cho tôi trang hướng dẫn thực hiện các bước.",I hear that you can burn CDs with Windows XP; could you tell me a website that explains the procedures involved?,[sound:windowXPにはＣＤを焼く機能があるそうですが、その手順を解説しているページを教えてください.ogg],THỦ THUẬN
見せびらかす,みせびらかす,[sound:見せびらかす.ogg],"<img src=""見せびらかす.jpg"">",khoe khoang,彼女は宝石を得意げに見せびらかした。,Cô ấy đã tỏ ra tự hào khi khoe trang sức.,She proudly displayed her jewels.,[sound:彼女は宝石を得意げに見せびらかした.ogg],KIẾN
円滑,えんかつ,[sound:円滑.ogg],"<img src=""円滑.jpg"">","trôi chảy, suôn sẻ",彼は、中国語をしっていたので、私たちは計画を円滑に実行できた。,"Vì anh ấy biết tiếng Trung, chúng tôi đã thực hiện kế hoạch một cách trôi chảy.",His knowledge of Chinese enabled us to carry out our plan smoothly.,[sound:彼は、中国語をしっていたので、私たちは計画を円滑に実行できた.ogg],VIÊN HOẠT
運用,うんよう,[sound:運用.ogg],"<img src=""運用.jpg"">",vận dụng,,,,,VẬN DỤNG
大筋,おおすじ,[sound:大筋.ogg],,đại khái,その計画に大すじで賛成していただけませんか。,Bạn có thể tán thành ý tưởng chính trong kế hoạch đó không?,Would you agree to the plan in principle?,[sound:その計画に大すじで賛成していただけませんか.ogg],ĐẠI CÂN
速やか,すみやか,[sound:速やか.ogg],,"nhanh, (làm) ngay",決定の後すみやかに実行に移して欲しい。,Tôi muốn bạn thực hiện quyết định một cách nhanh chóng sau khi đã đưa ra.,I want quick action subsequent to the decision.,[sound:決定の後すみやかに実行に移して欲しい.ogg],TỐC
すんなり,すんなり,[sound:すんなり.ogg],,mảnh khảnh,スーザンは賢いから試験にすんなり通ると思うよ。,Tôi nghĩ Susan thông minh nên cô ấy sẽ dễ dàng vượt qua kỳ thi.,"Susan is intelligent, and I expect her to pass the exam easily.",[sound:スーザンは賢いから試験にすんなり通ると思うよ.ogg],
整然,せいぜん,[sound:整然.ogg],"<img src=""整然.jpg"">",trật tự,その別荘は清潔で整然としていた。,Biệt thự đó sạch sẽ và ngăn nắp.,The cottage was clean and tidy.,[sound:その別荘は清潔で整然としていた.ogg], NHIÊN
声明,せいめい,[sound:声明.ogg],"<img src=""声明.jpg"">",thanh minh,彼の声明は疑いの余地がない。,Tuyên bố của anh ấy không để lại nghi ngờ.,His statement admits of no doubt.,[sound:彼の声明は疑いの余地がない.ogg],THANH 
急かす,せかす,[sound:急かす.ogg],,hối thúc,急かしたくはないけど、次のバスに乗ろう。,"Tôi không muốn thúc giục, nhưng hãy lên xe buýt tiếp theo.","I don't want to rush you, but let's try to catch the next bus.",[sound:急かしたくはないけど、次のバスに乗ろう.ogg],CẤP
そびえる,そびえる,[sound:そびえる.ogg],"<img src=""そびえる.jpg"">",cao vút,その峰は雲の上にそびえている。,Đỉnh núi đó cao vút trên mây.,The peak rises above the clouds.,[sound:その峰は雲の上にそびえている.ogg],
携わる,たずさわる,[sound:携わる.ogg],,liên quan,彼は医学の研究に携わっている。,Anh ấy đang tham gia nghiên cứu y học.,He is engaged in medical research.,[sound:彼は医学の研究に携わっている.ogg],HUỀ
だるい,だるい,[sound:だるい.ogg],"<img src=""だるい.jpg"">",bủn rủn,だるいし頭がずきずきする。,Tôi cảm thấy mệt mỏi và đau đầu.,I feel listless and have a throbbing headache.,[sound:だるいし頭がずきずきする.ogg],
突っ張る,つっぱる,[sound:突っ張る.ogg],,"chống đỡ, căng",,,,,ĐỘT TRƯƠNG
単一,たんいつ,[sound:単一.ogg],"<img src=""単一.jpg"">",đơn độc,ねじ、てこ、くさび、滑車などは単一機械と呼ばれる。,"Vít, cần câu, nêm, bánh răng... được gọi là các máy đơn.","The screw, the lever, the wedge, the pulley, etc. are called simple machines.",[sound:ねじ、てこ、くさび、滑車などは単一機械と呼ばれる.ogg],ĐƠN NHẤT
ずるずる,ずるずる,[sound:ずるずる.ogg],,lê lết,私はぬかるんだ斜面をずるずると滑り下りた。,Tôi trượt dốc bùn xuống một cách trơn trượt.,I slithered down the muddy slope.,[sound:私はぬかるんだ斜面をずるずると滑り下りた.ogg],
世辞,せじ,[sound:世辞.ogg],"<img src=""世辞.jpg"">",nịnh nọt,,,,,THẾ TỪ
丸ごと,まるごと,[sound:丸ごと.ogg],"<img src=""丸ごと.jpg"">","trọn vẹn, hoàn toàn",彼女は１課を丸ごと暗記することで満点を取った。,Cô ấy đã đạt điểm tối đa bằng việc ghi nhớ toàn bộ bài học.,She got full marks by memorizing the whole lesson.,[sound:彼女は１課を丸ごと暗記することで満点を取った.ogg],HOÀN
命中,めいちゅう,[sound:命中.ogg],,trúng (đích),戦艦ビスマルク号を海のもくずとするには、何発もの魚雷を命中させなければならなかった。,"Để chìm chiến hạm Bismarck, chúng ta phải đánh trúng nhiều quả torpê.",It took many torpedo hits to send the battleship Bismarck to Davy Jones's locker.,[sound:戦艦ビスマルク号を海のもくずとするには、何発もの魚雷を命中させなければならなかった.ogg],MỆNH TRUNG
面目,めんぼく,[sound:面目.ogg],,"danh dự, thể diện",ケンはその試験に合格して面目を保った。,Ken đã vượt qua kỳ thi đó và giữ được sự tôn trọng.,Ken saved his face by passing the examination.,[sound:ケンはその試験に合格して面目を保った.ogg],DIỆN MỤC
脆い,もろい,[sound:脆い.ogg],"<img src=""脆い.jpg"">","giòn, dễ vỡ",彼女は情にもろい。,Cô ấy rất nhạy cảm.,She is accessible to pity.,[sound:彼女は情にもろい.ogg],
催す,もよおす,[sound:催す.ogg],,"mở màng, cử hành",彼は大々的にパーティーを催した。,Anh ấy tổ chức một bữa tiệc to lớn.,He gave a party on a large scale.,[sound:彼は大々的にパーティーを催した.ogg],THÔI
淑やか,しとやか,[sound:淑やか.ogg],,"thanh nhã, duyên dáng",その婦人の態度はしとやかだ。,Thái độ của người phụ nữ đó nhã nhặn.,The lady has a graceful manner.,[sound:その婦人の態度はしとやかだ.ogg],THỤC
じっくり,じっくり,[sound:じっくり.ogg],,"kỹ lưỡng, triệt để",じっくり彼に耳を貸す者はいない。,Không ai nghe anh ấy một cách kỹ lưỡng.,No one stops to listen to him.,[sound:じっくり彼に耳を貸す者はいない.ogg],
希少,きしょう,[sound:希少.ogg],"<img src=""希少.jpg"">",hiếm có,古代において塩は希少で貴重な商品であった。,Muối là một mặt hàng quý hiếm và có giá trị trong thời cổ đại.,Salt was a rare and costly commodity in ancient times.,[sound:古代において塩は希少で貴重な商品であった.ogg],"HY THIẾU,THIỂU"
